route_id,service_id,trip_id,trip_headsign,trip_short_name,direction_id,shape_id,samtrafiken_internal_trip_number
9011020000100000,1,205330000133227126,,,1,1205330000102897684,709
9011020000100000,1,205330000133227366,,,1,1205330000102897684,723
9011020000100000,1,205330000133227446,,,1,1205330000102897684,727
9011020000100000,1,205330000133227686,,,1,1205330000102897684,739
9011020000100000,2,205330000133228078,,,1,1205330000102897684,73
9011020000100000,2,205330000133228119,,,1,1205330000102897684,75
9011020000100000,2,205330000133228447,,,1,1205330000102897684,69
9011020000100000,2,205330000133228570,,,1,1205330000102897684,61
9011020000100000,2,205330000133228816,,,1,1205330000102897684,55
9011020000100000,2,205330000133229063,,,1,1205330000102897684,33
9011020000100000,2,205330000133229104,,,1,1205330000102897684,35
9011020000100000,2,205330000133229186,,,1,1205330000102897684,25
9011020000100000,2,205330000133229350,,,1,1205330000102897684,15
9011020000100000,2,205330000133226800,,,1,1205330000102897684,7
9011020000100000,2,205330000133226882,,,1,1205330000102897684,19
9011020000100000,1,205330000133227086,,,1,1205330000102897684,707
9011020000100000,1,205330000133227406,,,1,1205330000102897684,725
9011020000100000,1,205330000133227846,,,1,1205330000102897684,749
9011020000100000,3,205330000133227996,,,1,1205330000102897684,827
9011020000100000,2,205330000133228201,,,1,1205330000102897684,79
9011020000100000,2,205330000133228283,,,1,1205330000102897684,83
9011020000100000,2,205330000133228406,,,1,1205330000102897684,67
9011020000100000,2,205330000133228529,,,1,1205330000102897684,65
9011020000100000,2,205330000133228652,,,1,1205330000102897684,49
9011020000100000,2,205330000133228775,,,1,1205330000102897684,53
9011020000100000,2,205330000133228980,,,1,1205330000102897684,43
9011020000100000,2,205330000133229022,,,1,1205330000102897684,31
9011020000100000,2,205330000133229145,,,1,1205330000102897684,37
9011020000100000,2,205330000133229309,,,1,1205330000102897684,17
9011020000100000,1,205330000133229435,,,1,1205330000102897684,741
9011020000100000,2,205330000133226841,,,1,1205330000102897684,9
9011020000100000,2,205330000133226923,,,1,1205330000102897684,21
9011020000100000,1,205330000133227286,,,1,1205330000102897684,719
9011020000100000,1,205330000133227326,,,1,1205330000102897684,721
9011020000100000,1,205330000133227486,,,1,1205330000102897684,729
9011020000100000,1,205330000133227526,,,1,1205330000102897684,731
9011020000100000,1,205330000133227566,,,1,1205330000102897684,733
9011020000100000,1,205330000133227726,,,1,1205330000102897684,743
9011020000100000,2,205330000133228160,,,1,1205330000102897684,77
9011020000100000,2,205330000133228242,,,1,1205330000102897684,81
9011020000100000,2,205330000133228365,,,1,1205330000102897684,71
9011020000100000,2,205330000133228488,,,1,1205330000102897684,63
9011020000100000,2,205330000133228734,,,1,1205330000102897684,45
9011020000100000,2,205330000133229227,,,1,1205330000102897684,27
9011020000100000,2,205330000133229268,,,1,1205330000102897684,29
9011020000100000,2,205330000136074745,,,1,1205330000102897684,85
9011020000100000,1,205330000136074832,,,1,1205330000102897684,745
9011020000100000,2,205330000133226964,,,1,1205330000102897684,23
9011020000100000,1,205330000133227006,,,1,1205330000102897684,703
9011020000100000,1,205330000133227046,,,1,1205330000102897684,705
9011020000100000,1,205330000133227166,,,1,1205330000102897684,713
9011020000100000,1,205330000133227206,,,1,1205330000102897684,715
9011020000100000,1,205330000133227246,,,1,1205330000102897684,717
9011020000100000,1,205330000133227606,,,1,1205330000102897684,735
9011020000100000,1,205330000133227646,,,1,1205330000102897684,737
9011020000100000,2,205330000133228611,,,1,1205330000102897684,47
9011020000100000,2,205330000133228693,,,1,1205330000102897684,51
9011020000100000,2,205330000133228857,,,1,1205330000102897684,57
9011020000100000,2,205330000133228898,,,1,1205330000102897684,59
9011020000100000,2,205330000133228939,,,1,1205330000102897684,41
9011020000100000,2,205330000136074611,,,1,1205330000102897684,11
9011020000100000,2,205330000136074649,,,1,1205330000102897684,13
9011020000100000,2,205330000136074693,,,1,1205330000102897684,39
9011020000100000,1,205330000136074866,,,1,1205330000102897684,747
9011020000100000,3,205330100133227166,,,1,1205330000102897684,811
9011020000100000,3,205330100133227326,,,1,1205330000102897684,815
9011020000100000,3,205330100133227486,,,1,1205330000102897684,819
9011020000100000,3,205330100133227646,,,1,1205330000102897684,823
9011020000100000,3,205330100133227686,,,1,1205330000102897684,825
9011020000100000,3,205330100133227726,,,1,1205330000102897684,829
9011020000100000,3,205330100133227046,,,1,1205330000102897684,805
9011020000100000,3,205330100133227846,,,1,1205330000102897684,835
9011020000100000,1,205330000136074783,,,1,1205330000102897684,711
9011020000100000,3,205330100133227006,,,1,1205330000102897684,803
9011020000100000,3,205330100133227246,,,1,1205330000102897684,813
9011020000100000,3,205330100136074866,,,1,1205330000102897684,833
9011020000100000,3,205330100133227086,,,1,1205330000102897684,807
9011020000100000,3,205330100133227406,,,1,1205330000102897684,817
9011020000100000,3,205330100133227566,,,1,1205330000102897684,821
9011020000100000,3,205330100136074832,,,1,1205330000102897684,831
9011020000100000,2,205330000136075276,,,0,1205330000102897783,28
9011020000100000,2,205330000136075420,,,0,1205330000102897783,36
9011020000100000,2,205330000136075673,,,0,1205330000102897783,68
9011020000100000,2,205330000136077150,,,0,1205330000102897783,48
9011020000100000,2,205330000136077186,,,0,1205330000102897783,50
9011020000100000,2,205330000136077295,,,0,1205330000102897783,2
9011020000100000,2,205330000136074986,,,0,1205330000102897783,16
9011020000100000,2,205330000136075131,,,0,1205330000102897783,38
9011020000100000,2,205330000136075312,,,0,1205330000102897783,30
9011020000100000,2,205330000136075348,,,0,1205330000102897783,32
9011020000100000,2,205330000136075384,,,0,1205330000102897783,34
9011020000100000,2,205330000136075925,,,0,1205330000102897783,84
9011020000100000,1,205330000136076072,,,0,1205330000102897783,706
9011020000100000,1,205330000136076109,,,0,1205330000102897783,708
9011020000100000,1,205330000136076183,,,0,1205330000102897783,712
9011020000100000,1,205330000136076220,,,0,1205330000102897783,714
9011020000100000,1,205330000136076368,,,0,1205330000102897783,722
9011020000100000,1,205330000136076405,,,0,1205330000102897783,724
9011020000100000,1,205330000136076627,,,0,1205330000102897783,736
9011020000100000,1,205330000136076811,,,0,1205330000102897783,746
9011020000100000,1,205330000136076848,,,0,1205330000102897783,748
9011020000100000,1,205330000136076898,,,0,1205330000102897859,750
9011020000100000,2,205330000136077042,,,0,1205330000102897783,10
9011020000100000,2,205330000136077078,,,0,1205330000102897783,20
9011020000100000,2,205330000131767211,,,0,1205330000102897859,24
9011020000100000,4,205330000136074910,,,0,1205330000102897832,414
9011020000100000,2,205330000136074949,,,0,1205330000102897783,14
9011020000100000,2,205330000136075023,,,0,1205330000102897783,18
9011020000100000,2,205330000136075167,,,0,1205330000102897783,40
9011020000100000,2,205330000136075203,,,0,1205330000102897783,42
9011020000100000,2,205330000136075239,,,0,1205330000102897783,44
9011020000100000,2,205330000136075456,,,0,1205330000102897783,54
9011020000100000,2,205330000136075492,,,0,1205330000102897783,56
9011020000100000,2,205330000136075636,,,0,1205330000102897783,66
9011020000100000,2,205330000136075745,,,0,1205330000102897783,74
9011020000100000,2,205330000136075781,,,0,1205330000102897783,76
9011020000100000,2,205330000136075889,,,0,1205330000102897783,82
9011020000100000,2,205330000136075962,,,0,1205330000102897783,86
9011020000100000,1,205330000136076035,,,0,1205330000102897783,702
9011020000100000,1,205330000136076146,,,0,1205330000102897783,710
9011020000100000,1,205330000136076257,,,0,1205330000102897783,716
9011020000100000,1,205330000136076331,,,0,1205330000102897783,720
9011020000100000,1,205330000136076590,,,0,1205330000102897783,734
9011020000100000,1,205330000136076663,,,0,1205330000102897783,738
9011020000100000,2,205330000136076970,,,0,1205330000102897783,6
9011020000100000,2,205330000136077006,,,0,1205330000102897783,8
9011020000100000,2,205330000136077114,,,0,1205330000102897783,46
9011020000100000,2,205330000136077331,,,0,1205330000102897783,4
9011020000100000,3,205330100136076035,,,0,1205330000102897783,802
9011020000100000,3,205330100136076072,,,0,1205330000102897783,806
9011020000100000,3,205330100136076146,,,0,1205330000102897783,810
9011020000100000,3,205330100136076590,,,0,1205330000102897783,822
9011020000100000,3,205330100136076811,,,0,1205330000102897783,832
9011020000100000,2,205330000136075059,,,0,1205330000102897783,22
9011020000100000,2,205330000136075095,,,0,1205330000102897783,26
9011020000100000,2,205330000136075528,,,0,1205330000102897783,60
9011020000100000,2,205330000136075564,,,0,1205330000102897783,62
9011020000100000,2,205330000136075600,,,0,1205330000102897783,64
9011020000100000,2,205330000136075709,,,0,1205330000102897783,72
9011020000100000,2,205330000136075817,,,0,1205330000102897783,78
9011020000100000,2,205330000136075853,,,0,1205330000102897783,80
9011020000100000,2,205330000136075998,,,0,1205330000102897783,88
9011020000100000,1,205330000136076294,,,0,1205330000102897783,718
9011020000100000,1,205330000136076442,,,0,1205330000102897783,726
9011020000100000,1,205330000136076479,,,0,1205330000102897783,728
9011020000100000,1,205330000136076516,,,0,1205330000102897783,730
9011020000100000,1,205330000136076553,,,0,1205330000102897783,732
9011020000100000,1,205330000136076700,,,0,1205330000102897783,740
9011020000100000,1,205330000136076737,,,0,1205330000102897783,742
9011020000100000,1,205330000136076774,,,0,1205330000102897783,744
9011020000100000,2,205330000136076934,,,0,1205330000102897783,12
9011020000100000,2,205330000136077223,,,0,1205330000102897783,52
9011020000100000,2,205330000136077259,,,0,1205330000102897783,58
9011020000100000,3,205330100136076109,,,0,1205330000102897783,808
9011020000100000,3,205330100136076220,,,0,1205330000102897783,812
9011020000100000,3,205330100136076368,,,0,1205330000102897783,816
9011020000100000,3,205330100136076700,,,0,1205330000102897783,826
9011020000100000,3,205330100136076516,,,0,1205330000102897783,820
9011020000100000,3,205330100136076294,,,0,1205330000102897783,814
9011020000100000,3,205330100136076442,,,0,1205330000102897783,818
9011020000100000,3,205330100136076663,,,0,1205330000102897783,824
9011020000100000,3,205330100136076737,,,0,1205330000102897783,828
9011020000100000,3,205330100136076774,,,0,1205330000102897783,830
9011020000100000,3,205330100136076848,,,0,1205330000102897783,834
9011020000200000,2,205330000130532301,,,1,1205330000068514071,23
9011020000200000,2,205330000130532370,,,1,1205330000068514071,29
9011020000200000,2,205330000130532485,,,1,1205330000068514071,39
9011020000200000,1,205330000130532740,,,1,1205330000068514071,205
9011020000200000,2,205330000130532969,,,1,1205330000088417788,11
9011020000200000,2,205330000130533221,,,1,1205330000088417788,53
9011020000200000,2,205330000130533257,,,1,1205330000088417788,55
9011020000200000,2,205330000130533473,,,1,1205330000088417788,71
9011020000200000,2,205330000130532209,,,1,1205330000068514071,15
9011020000200000,2,205330000130532347,,,1,1205330000068514071,27
9011020000200000,2,205330000130532462,,,1,1205330000068514071,37
9011020000200000,1,205330000130532579,,,1,1205330000068514071,219
9011020000200000,1,205330000130532602,,,1,1205330000068514071,221
9011020000200000,2,205330000130532897,,,1,1205330000088417788,7
9011020000200000,2,205330000130533005,,,1,1205330000088417788,13
9011020000200000,2,205330000130533293,,,1,1205330000088417788,57
9011020000200000,2,205330000130533329,,,1,1205330000088417788,59
9011020000200000,2,205330000130533401,,,1,1205330000088417788,63
9011020000200000,2,205330000130533545,,,1,1205330000088417788,79
9011020000200000,2,205330000130532232,,,1,1205330000068514071,17
9011020000200000,2,205330000130532255,,,1,1205330000068514071,19
9011020000200000,2,205330000130532278,,,1,1205330000068514071,21
9011020000200000,2,205330000130532393,,,1,1205330000068514071,31
9011020000200000,2,205330000130532439,,,1,1205330000068514071,35
9011020000200000,2,205330000130532861,,,1,1205330000088417788,5
9011020000200000,2,205330000130532933,,,1,1205330000088417788,9
9011020000200000,1,205330000133441886,,,1,1205330000068514071,227
9011020000200000,3,205330000133441934,,,1,1205330000068514071,329
9011020000200000,2,205330000133441561,,,1,1205330000088417788,65
9011020000200000,1,205330000133441838,,,1,1205330000068514071,223
9011020000200000,1,205330000133441862,,,1,1205330000068514071,225
9011020000200000,1,205330000133442009,,,1,1205330000068514071,231
9011020000200000,3,205330000133441910,,,1,1205330000068514071,327
9011020000200000,2,205330000130532324,,,1,1205330000068514071,25
9011020000200000,2,205330000130532416,,,1,1205330000068514071,33
9011020000200000,2,205330000130532508,,,1,1205330000068514071,41
9011020000200000,1,205330000130532554,,,1,1205330000068514071,203
9011020000200000,2,205330000130533185,,,1,1205330000088417788,51
9011020000200000,2,205330000130533365,,,1,1205330000088417788,61
9011020000200000,2,205330000130533437,,,1,1205330000088417788,67
9011020000200000,2,205330000130533509,,,1,1205330000088417788,75
9011020000200000,2,205330000130533581,,,1,1205330000088417788,83
9011020000200000,2,205330000136077373,,,1,1205330000088417788,43
9011020000200000,2,205330000136077410,,,1,1205330000088417788,45
9011020000200000,2,205330000136077447,,,1,1205330000088417788,47
9011020000200000,2,205330000136077484,,,1,1205330000088417788,49
9011020000200000,1,205330000136077572,,,1,1205330000068514071,229
9011020000200000,1,205330000136077597,,,1,1205330000068514071,233
9011020000200000,3,205330100130532740,,,1,1205330000068514071,303
9011020000200000,3,205330100133441838,,,1,1205330000068514071,321
9011020000200000,3,205330100133441886,,,1,1205330000068514071,325
9011020000200000,3,205330100136077524,,,1,1205330000068514071,305
9011020000200000,1,205330100130532324,,,1,1205330000068514071,209
9011020000200000,1,205330100130532462,,,1,1205330000068514071,215
9011020000200000,3,205330100130532579,,,1,1205330000068514071,317
9011020000200000,1,205330000136077524,,,1,1205330000068514071,207
9011020000200000,1,205330100130532370,,,1,1205330000068514071,211
9011020000200000,1,205330100130532416,,,1,1205330000068514071,213
9011020000200000,1,205330100130532508,,,1,1205330000068514071,217
9011020000200000,3,205330100130532602,,,1,1205330000068514071,319
9011020000200000,3,205330100133441862,,,1,1205330000068514071,323
9011020000200000,3,205330200130532370,,,1,1205330000068514071,309
9011020000200000,3,205330200130532462,,,1,1205330000068514071,313
9011020000200000,3,205330200130532416,,,1,1205330000068514071,311
9011020000200000,3,205330200130532324,,,1,1205330000068514071,307
9011020000200000,3,205330200130532508,,,1,1205330000068514071,315
9011020000200000,2,205330000130533701,,,0,1205330000109502100,16
9011020000200000,2,205330000130533662,,,0,1205330000109502100,14
9011020000200000,1,205330000135363438,,,0,1205330000074742657,202
9011020000200000,1,205330000135363538,,,0,1205330000074742657,210
9011020000200000,1,205330000135363563,,,0,1205330000074742657,212
9011020000200000,1,205330000135363588,,,0,1205330000074742657,214
9011020000200000,1,205330000135363613,,,0,1205330000074742657,216
9011020000200000,1,205330000135363638,,,0,1205330000074742657,218
9011020000200000,1,205330000135363763,,,0,1205330000074742657,228
9011020000200000,1,205330000135363788,,,0,1205330000074742657,230
9011020000200000,1,205330000135363813,,,0,1205330000074742657,232
9011020000200000,1,205330000135363688,,,0,1205330000074742657,222
9011020000200000,1,205330000135363713,,,0,1205330000074742657,224
9011020000200000,1,205330000135363463,,,0,1205330000074742657,204
9011020000200000,1,205330000135363513,,,0,1205330000074742657,208
9011020000200000,1,205330000135363663,,,0,1205330000074742657,220
9011020000200000,1,205330000135363738,,,0,1205330000074742657,226
9011020000200000,2,205330000136077789,,,0,1205330000088417842,56
9011020000200000,2,205330000136077865,,,0,1205330000088417842,64
9011020000200000,2,205330000136078055,,,0,1205330000088417842,80
9011020000200000,2,205330000136078146,,,0,1205330000074742657,6
9011020000200000,2,205330000136078271,,,0,1205330000074742657,30
9011020000200000,2,205330000136078738,,,0,1205330000088417842,58
9011020000200000,2,205330000136078814,,,0,1205330000088417842,62
9011020000200000,2,205330000136077827,,,0,1205330000088417842,18
9011020000200000,2,205330000136078196,,,0,1205330000074742657,24
9011020000200000,2,205330000136078221,,,0,1205330000074742657,26
9011020000200000,2,205330000136078246,,,0,1205330000074742657,28
9011020000200000,2,205330000136078371,,,0,1205330000074742657,38
9011020000200000,2,205330000136078396,,,0,1205330000074742657,40
9011020000200000,2,205330000136078624,,,0,1205330000088417842,10
9011020000200000,2,205330000136078662,,,0,1205330000088417842,12
9011020000200000,1,205330000135363488,,,0,1205330000074742657,206
9011020000200000,4,205330000135813390,,,0,1205330000095806242,516
9011020000200000,2,205330000136077750,,,0,1205330000088417842,54
9011020000200000,2,205330000136077903,,,0,1205330000088417842,66
9011020000200000,2,205330000136077979,,,0,1205330000088417842,72
9011020000200000,2,205330000136078094,,,0,1205330000088417842,82
9011020000200000,2,205330000136078121,,,0,1205330000074742657,4
9011020000200000,2,205330000136078296,,,0,1205330000074742657,32
9011020000200000,2,205330000136078346,,,0,1205330000074742657,36
9011020000200000,2,205330000136078421,,,0,1205330000074742657,42
9011020000200000,2,205330000136078446,,,0,1205330000074742657,44
9011020000200000,2,205330000136078471,,,0,1205330000074742657,46
9011020000200000,2,205330000136078496,,,0,1205330000074742657,48
9011020000200000,2,205330000136078700,,,0,1205330000088417842,20
9011020000200000,3,205330100135363463,,,0,1205330000074742657,304
9011020000200000,3,205330100135363513,,,0,1205330000074742657,308
9011020000200000,3,205330100135363663,,,0,1205330000074742657,320
9011020000200000,3,205330100135363488,,,0,1205330000074742657,306
9011020000200000,3,205330100135363538,,,0,1205330000074742657,310
9011020000200000,3,205330100135363563,,,0,1205330000074742657,312
9011020000200000,3,205330100135363613,,,0,1205330000074742657,316
9011020000200000,3,205330100135363638,,,0,1205330000074742657,318
9011020000200000,3,205330100135363688,,,0,1205330000074742657,322
9011020000200000,3,205330100135363713,,,0,1205330000074742657,324
9011020000200000,3,205330100135363738,,,0,1205330000074742657,326
9011020000200000,3,205330100135363763,,,0,1205330000074742657,328
9011020000200000,2,205330000136077672,,,0,1205330000088417842,50
9011020000200000,2,205330000136077711,,,0,1205330000088417842,52
9011020000200000,2,205330000136077941,,,0,1205330000088417842,68
9011020000200000,2,205330000136078017,,,0,1205330000088417842,76
9011020000200000,2,205330000136078171,,,0,1205330000074742657,22
9011020000200000,2,205330000136078321,,,0,1205330000074742657,34
9011020000200000,2,205330000136078586,,,0,1205330000088417842,8
9011020000200000,2,205330000136078776,,,0,1205330000088417842,60
9011020000200000,3,205330100135363438,,,0,1205330000074742657,302
9011020000200000,3,205330100135363588,,,0,1205330000074742657,314
9011020000200000,3,205330100135363788,,,0,1205330000074742657,330
9011020000300000,2,205330000129787677,,,1,1205330000074746449,69
9011020000300000,1,205330000129788647,,,1,1205330000115418434,237
9011020000300000,1,205330000129789050,,,1,1205330000115418434,201
9011020000300000,1,205330000129789081,,,1,1205330000115418434,203
9011020000300000,1,205330000129789112,,,1,1205330000115418434,205
9011020000300000,1,205330000129789329,,,1,1205330000115418434,219
9011020000300000,1,205330000129789205,,,1,1205330000115418434,211
9011020000300000,1,205330000129789236,,,1,1205330000115418434,213
9011020000300000,1,205330000129789360,,,1,1205330000115418434,221
9011020000300000,1,205330000129789422,,,1,1205330000115418434,225
9011020000300000,1,205330000129789546,,,1,1205330000115418434,233
9011020000300000,1,205330000129789577,,,1,1205330000115418434,235
9011020000300000,1,205330000129789643,,,1,1205330000115418434,243
9011020000300000,1,205330000129789143,,,1,1205330000115418434,207
9011020000300000,1,205330000129789267,,,1,1205330000115418434,215
9011020000300000,1,205330000129789391,,,1,1205330000115418434,223
9011020000300000,1,205330000129789453,,,1,1205330000115418434,227
9011020000300000,1,205330000129789612,,,1,1205330000115418434,241
9011020000300000,2,205330000131768838,,,1,1205330000115418434,57
9011020000300000,2,205330000131769126,,,1,1205330000115418434,73
9011020000300000,2,205330000131769158,,,1,1205330000115418434,75
9011020000300000,2,205330000131769222,,,1,1205330000115418434,79
9011020000300000,2,205330000131769254,,,1,1205330000115418434,81
9011020000300000,2,205330000131769286,,,1,1205330000115418434,83
9011020000300000,2,205330000131769382,,,1,1205330000115418434,19
9011020000300000,2,205330000131769414,,,1,1205330000115418434,21
9011020000300000,2,205330000131768678,,,1,1205330000115418434,47
9011020000300000,2,205330000131768774,,,1,1205330000115418434,53
9011020000300000,2,205330000131769478,,,1,1205330000115418434,35
9011020000300000,2,205330000131769667,,,1,1205330000115418434,61
9011020000300000,2,205330000131769795,,,1,1205330000115418434,11
9011020000300000,2,205330000131769859,,,1,1205330000115418434,7
9011020000300000,2,205330000131769891,,,1,1205330000115418434,9
9011020000300000,2,205330000131768646,,,1,1205330000115418434,45
9011020000300000,2,205330000131768742,,,1,1205330000115418434,51
9011020000300000,2,205330000131769350,,,1,1205330000115418434,17
9011020000300000,2,205330000131769510,,,1,1205330000115418434,37
9011020000300000,2,205330000131769542,,,1,1205330000115418434,39
9011020000300000,2,205330000131769604,,,1,1205330000115418434,41
9011020000300000,2,205330000131769827,,,1,1205330000115418434,5
9011020000300000,2,205330000131769955,,,1,1205330000115418434,65
9011020000300000,1,205330000129788740,,,1,1205330000115418434,239
9011020000300000,1,205330000129789019,,,1,1205330000115418434,249
9011020000300000,1,205330000129789174,,,1,1205330000115418434,209
9011020000300000,1,205330000129789298,,,1,1205330000115418434,217
9011020000300000,1,205330000129789484,,,1,1205330000115418434,229
9011020000300000,1,205330000129789515,,,1,1205330000115418434,231
9011020000300000,2,205330000136079179,,,1,1205330000115418434,33
9011020000300000,5,205330000136079204,,,1,1205330000074934588,515
9011020000300000,2,205330000136079257,,,1,1205330000115418434,13
9011020000300000,1,205330000136078872,,,1,1205330000115418434,245
9011020000300000,2,205330000136079019,,,1,1205330000115418434,23
9011020000300000,2,205330000136079051,,,1,1205330000115418434,25
9011020000300000,2,205330000136079115,,,1,1205330000115418434,29
9011020000300000,2,205330000136079147,,,1,1205330000115418434,31
9011020000300000,2,205330000131768710,,,1,1205330000115418434,49
9011020000300000,2,205330000131768806,,,1,1205330000115418434,55
9011020000300000,2,205330000131768870,,,1,1205330000115418434,59
9011020000300000,2,205330000131769062,,,1,1205330000115418434,67
9011020000300000,2,205330000131769094,,,1,1205330000115418434,71
9011020000300000,2,205330000131769190,,,1,1205330000115418434,77
9011020000300000,2,205330000131769318,,,1,1205330000115418434,85
9011020000300000,2,205330000131769573,,,1,1205330000115418434,15
9011020000300000,2,205330000131769635,,,1,1205330000115418434,43
9011020000300000,2,205330000131769699,,,1,1205330000115418434,63
9011020000300000,2,205330000131769923,,,1,1205330000115418434,3
9011020000300000,3,205330100129789050,,,1,1205330000115418434,301
9011020000300000,3,205330100129789612,,,1,1205330000115418434,327
9011020000300000,3,205330100129789643,,,1,1205330000115418434,329
9011020000300000,2,205330000136078981,,,1,1205330000074746425,101
9011020000300000,3,205330100136078872,,,1,1205330000115418434,331
9011020000300000,3,205330100136078903,,,1,1205330000115418434,333
9011020000300000,3,205330100129789019,,,1,1205330000115418434,335
9011020000300000,3,205330100129789236,,,1,1205330000115418434,311
9011020000300000,3,205330100129789360,,,1,1205330000115418434,315
9011020000300000,3,205330100129789546,,,1,1205330000115418434,321
9011020000300000,1,205330000136078903,,,1,1205330000115418434,247
9011020000300000,2,205330000136078956,,,1,1205330000115418434,87
9011020000300000,2,205330000136079083,,,1,1205330000115418434,27
9011020000300000,3,205330100129788740,,,1,1205330000115418434,325
9011020000300000,3,205330100129789081,,,1,1205330000115418434,303
9011020000300000,3,205330100129788647,,,1,1205330000115418434,323
9011020000300000,3,205330100129789112,,,1,1205330000115418434,305
9011020000300000,3,205330100129789143,,,1,1205330000115418434,307
9011020000300000,3,205330100129789174,,,1,1205330000115418434,309
9011020000300000,3,205330100129789298,,,1,1205330000115418434,313
9011020000300000,3,205330100129789422,,,1,1205330000115418434,317
9011020000300000,3,205330100129789484,,,1,1205330000115418434,319
9011020000300000,1,205330000114057901,,,0,1205330000086990225,246
9011020000300000,1,205330000114057959,,,0,1205330000086990225,248
9011020000300000,1,205330000114058075,,,0,1205330000086990225,210
9011020000300000,1,205330000114058133,,,0,1205330000086990225,216
9011020000300000,1,205330000114058452,,,0,1205330000086990225,238
9011020000300000,1,205330000114058104,,,0,1205330000086990225,214
9011020000300000,1,205330000114058220,,,0,1205330000086990225,222
9011020000300000,1,205330000114058423,,,0,1205330000086990225,236
9011020000300000,1,205330000114058483,,,0,1205330000086990225,242
9011020000300000,1,205330000114058046,,,0,1205330000086990225,208
9011020000300000,1,205330000114058191,,,0,1205330000086990225,220
9011020000300000,1,205330000114058249,,,0,1205330000086990225,224
9011020000300000,1,205330000114058278,,,0,1205330000086990225,226
9011020000300000,1,205330000114058307,,,0,1205330000086990225,228
9011020000300000,1,205330000114058365,,,0,1205330000086990225,232
9011020000300000,1,205330000114058394,,,0,1205330000086990225,234
9011020000300000,2,205330000131770121,,,0,1205330000086990225,78
9011020000300000,2,205330000131770208,,,0,1205330000086990225,84
9011020000300000,2,205330000131770267,,,0,1205330000086990225,64
9011020000300000,2,205330000131770356,,,0,1205330000086990225,70
9011020000300000,2,205330000131770372,,,0,1205330000086990272,40
9011020000300000,2,205330000131770547,,,0,1205330000086990225,46
9011020000300000,2,205330000131770991,,,0,1205330000086990225,26
9011020000300000,2,205330000131771051,,,0,1205330000086990225,30
9011020000300000,2,205330000131771171,,,0,1205330000086990225,38
9011020000300000,1,205330000114057727,,,0,1205330000086990225,240
9011020000300000,1,205330000114057843,,,0,1205330000086990225,244
9011020000300000,1,205330000114058017,,,0,1205330000086990225,206
9011020000300000,1,205330000114058162,,,0,1205330000086990225,218
9011020000300000,1,205330000114058336,,,0,1205330000086990225,230
9011020000300000,1,205330000114059160,,,0,1205330000086990272,202
9011020000300000,2,205330000131770063,,,0,1205330000086990225,74
9011020000300000,2,205330000131770150,,,0,1205330000086990225,80
9011020000300000,2,205330000131770326,,,0,1205330000086990225,68
9011020000300000,2,205330000131770901,,,0,1205330000086990225,8
9011020000300000,2,205330000131770961,,,0,1205330000086990225,24
9011020000300000,2,205330000131771111,,,0,1205330000086990225,34
9011020000300000,2,205330000131771141,,,0,1205330000086990225,36
9011020000300000,2,205330000131770092,,,0,1205330000086990225,76
9011020000300000,2,205330000131770297,,,0,1205330000086990225,66
9011020000300000,2,205330000131770431,,,0,1205330000086990225,16
9011020000300000,2,205330000131770460,,,0,1205330000086990225,18
9011020000300000,2,205330000131770931,,,0,1205330000086990225,22
9011020000300000,2,205330000131771021,,,0,1205330000086990225,28
9011020000300000,2,205330000131771081,,,0,1205330000086990225,32
9011020000300000,1,205330000136079308,,,0,1205330000086990225,250
9011020000300000,2,205330000136079486,,,0,1205330000086990225,54
9011020000300000,2,205330000136079672,,,0,1205330000086990225,10
9011020000300000,2,205330000136079741,,,0,1205330000086990225,62
9011020000300000,2,205330000136079361,,,0,1205330000086990225,82
9011020000300000,2,205330000136079396,,,0,1205330000086990225,48
9011020000300000,2,205330000136079516,,,0,1205330000086990225,56
9011020000300000,2,205330000136079635,,,0,1205330000086990225,14
9011020000300000,2,205330000131770034,,,0,1205330000086990225,72
9011020000300000,2,205330000131770489,,,0,1205330000086990225,42
9011020000300000,2,205330000131770518,,,0,1205330000086990225,44
9011020000300000,2,205330000131770871,,,0,1205330000086990225,6
9011020000300000,2,205330000131771200,,,0,1205330000086990225,4
9011020000300000,3,205330100114057727,,,0,1205330000086990225,326
9011020000300000,3,205330100114058046,,,0,1205330000086990225,308
9011020000300000,3,205330100114057843,,,0,1205330000086990225,330
9011020000300000,3,205330100114057901,,,0,1205330000086990225,332
9011020000300000,3,205330100114057959,,,0,1205330000086990225,334
9011020000300000,3,205330100114058017,,,0,1205330000086990225,306
9011020000300000,3,205330100114058104,,,0,1205330000086990225,312
9011020000300000,3,205330100114058220,,,0,1205330000086990225,316
9011020000300000,3,205330100114058278,,,0,1205330000086990225,318
9011020000300000,3,205330100114058336,,,0,1205330000086990225,320
9011020000300000,2,205330000136079426,,,0,1205330000086990225,50
9011020000300000,2,205330000136079456,,,0,1205330000086990225,52
9011020000300000,2,205330000136079546,,,0,1205330000086990225,58
9011020000300000,2,205330000136079606,,,0,1205330000086990225,12
9011020000300000,2,205330000136079701,,,0,1205330000086990225,20
9011020000300000,3,205330100114058075,,,0,1205330000086990225,310
9011020000300000,3,205330100114058162,,,0,1205330000086990225,314
9011020000300000,3,205330100114058394,,,0,1205330000086990225,322
9011020000300000,3,205330100114058452,,,0,1205330000086990225,324
9011020000300000,3,205330100114059160,,,0,1205330000086990272,302
9011020000300000,2,205330000136079576,,,0,1205330000086990225,60
9011020000300000,3,205330100114058483,,,0,1205330000086990225,328
9011020000400000,2,205330000136079822,,,1,1205330000028736865,29
9011020000400000,2,205330000136079936,,,1,1205330000028736865,41
9011020000400000,2,205330000136079841,,,1,1205330000028736865,31
9011020000400000,4,205330000136079969,,,1,1205330000023072767,107
9011020000400000,4,205330000133182629,,,1,1205330000028736865,519
9011020000400000,2,205330000136079765,,,1,1205330000028736865,7
9011020000400000,2,205330000136079784,,,1,1205330000028736865,9
9011020000400000,2,205330000136079955,,,1,1205330000028736865,147
9011020000400000,2,205330000136079803,,,1,1205330000028736865,27
9011020000400000,2,205330000136079860,,,1,1205330000028736865,33
9011020000400000,2,205330000136079879,,,1,1205330000028736865,35
9011020000400000,2,205330000136079898,,,1,1205330000028736865,37
9011020000400000,2,205330000136079917,,,1,1205330000028736865,39
9011020000400000,2,205330000136080034,,,0,1205330000063160771,12
9011020000400000,2,205330000136080055,,,0,1205330000063160771,28
9011020000400000,2,205330000136080097,,,0,1205330000063160771,32
9011020000400000,2,205330000136080139,,,0,1205330000063160771,10
9011020000400000,2,205330000136080160,,,0,1205330000063160771,34
9011020000400000,2,205330000136080181,,,0,1205330000063160771,36
9011020000400000,2,205330000136080223,,,0,1205330000063160771,40
9011020000400000,6,205330000136080260,,,0,1205330000071518618,538
9011020000400000,2,205330000136079992,,,0,1205330000063160771,6
9011020000400000,2,205330000136080013,,,0,1205330000063160771,8
9011020000400000,2,205330000136080076,,,0,1205330000063160771,30
9011020000400000,2,205330000136080118,,,0,1205330000063160771,48
9011020000400000,2,205330000136080202,,,0,1205330000063160771,38
9011020000400000,2,205330000136080244,,,0,1205330000063160771,42
9011020000500000,1,205330000131579870,,,1,1205330000121295961,201
9011020000500000,2,205330000136080374,,,1,1205330000096145859,19
9011020000500000,2,205330000136080297,,,1,1205330000063162233,21
9011020000500000,2,205330000136080335,,,1,1205330000096145859,17
9011020000500000,2,205330000136080405,,,1,1205330000063162233,5
9011020000500000,2,205330000136080443,,,1,1205330000096145859,1
9011020000500000,1,205330000131579905,,,0,1205330000063162380,202
9011020000500000,2,205330000136080627,,,0,1205330000063162380,4
9011020000500000,2,205330000136080496,,,0,1205330000063162380,22
9011020000500000,2,205330000136080530,,,0,1205330000063162380,20
9011020000500000,4,205330000136080557,,,0,1205330000084514753,106
9011020000500000,2,205330000136080593,,,0,1205330000063162380,6
9011020000500000,4,205330000136080460,,,0,1205330000063162456,420
9011020001100000,3,205330000133236897,,,1,1205330000101364090,333
9011020001100000,2,205330000136080793,,,1,1205330000132192002,5
9011020001100000,2,205330000136080836,,,1,1205330000132192002,7
9011020001100000,2,205330000136080874,,,1,1205330000101364090,11
9011020001100000,2,205330000136080950,,,1,1205330000101364090,17
9011020001100000,2,205330000136081255,,,1,1205330000101364090,13
9011020001100000,2,205330000136081374,,,1,1205330000132192002,39
9011020001100000,7,205330000136082062,,,1,1205330000132192002,87
9011020001100000,1,205330000136082376,,,1,1205330000101364090,215
9011020001100000,1,205330000136082414,,,1,1205330000101364090,217
9011020001100000,1,205330000136082566,,,1,1205330000101364090,225
9011020001100000,1,205330000136082642,,,1,1205330000101364090,229
9011020001100000,2,205330000136082868,,,1,1205330000132192002,45
9011020001100000,2,205330000136082954,,,1,1205330000132192002,49
9011020001100000,2,205330000133448062,,,1,1205330000101364090,33
9011020001100000,2,205330000136080912,,,1,1205330000101364090,15
9011020001100000,2,205330000136081026,,,1,1205330000101364090,21
9011020001100000,2,205330000136081140,,,1,1205330000101364090,27
9011020001100000,2,205330000136081216,,,1,1205330000101364090,31
9011020001100000,2,205330000136081460,,,1,1205330000132192002,9
9011020001100000,2,205330000136081546,,,1,1205330000132192002,55
9011020001100000,2,205330000136081627,,,1,1205330000101364090,59
9011020001100000,2,205330000136081703,,,1,1205330000101364090,63
9011020001100000,2,205330000136081931,,,1,1205330000101364090,75
9011020001100000,7,205330000136081974,,,1,1205330000132192002,79
9011020001100000,1,205330000136082186,,,1,1205330000101364090,205
9011020001100000,1,205330000136082262,,,1,1205330000101364090,209
9011020001100000,1,205330000136082300,,,1,1205330000101364090,211
9011020001100000,1,205330000136082338,,,1,1205330000101364090,213
9011020001100000,3,205330000136080668,,,1,1205330000101364090,331
9011020001100000,2,205330000136080707,,,1,1205330000101364090,1
9011020001100000,2,205330000136080988,,,1,1205330000101364090,19
9011020001100000,2,205330000136081064,,,1,1205330000101364090,23
9011020001100000,2,205330000136081102,,,1,1205330000101364090,25
9011020001100000,2,205330000136081178,,,1,1205330000101364090,29
9011020001100000,2,205330000136081293,,,1,1205330000101364090,35
9011020001100000,2,205330000136081503,,,1,1205330000132192002,53
9011020001100000,2,205330000136081665,,,1,1205330000101364090,61
9011020001100000,2,205330000136081741,,,1,1205330000101364090,65
9011020001100000,2,205330000136081779,,,1,1205330000101364090,67
9011020001100000,2,205330000136081893,,,1,1205330000101364090,73
9011020001100000,7,205330000136082018,,,1,1205330000132192002,83
9011020001100000,1,205330000136082110,,,1,1205330000101364090,201
9011020001100000,1,205330000136082224,,,1,1205330000101364090,207
9011020001100000,1,205330000136082452,,,1,1205330000101364090,219
9011020001100000,1,205330000136082528,,,1,1205330000101364090,223
9011020001100000,1,205330000136082680,,,1,1205330000101364090,231
9011020001100000,3,205330000136082718,,,1,1205330000101364090,301
9011020001100000,1,205330000136082782,,,1,1205330000101364090,233
9011020001100000,2,205330000136082911,,,1,1205330000132192002,47
9011020001100000,8,205330100136082018,,,1,1205330000132192002,241
9011020001100000,8,205330100136082062,,,1,1205330000132192002,245
9011020001100000,3,205330100136082414,,,1,1205330000101364090,317
9011020001100000,3,205330100136082566,,,1,1205330000101364090,325
9011020001100000,2,205330000136080750,,,1,1205330000132192002,3
9011020001100000,2,205330000136081331,,,1,1205330000101364090,37
9011020001100000,2,205330000136081417,,,1,1205330000132192002,41
9011020001100000,2,205330000136081589,,,1,1205330000132192002,57
9011020001100000,2,205330000136081817,,,1,1205330000101364090,69
9011020001100000,2,205330000136081855,,,1,1205330000101364090,71
9011020001100000,1,205330000136082148,,,1,1205330000101364090,203
9011020001100000,1,205330000136082490,,,1,1205330000101364090,221
9011020001100000,1,205330000136082604,,,1,1205330000101364090,227
9011020001100000,2,205330000136082825,,,1,1205330000132192002,43
9011020001100000,2,205330000136082997,,,1,1205330000132192002,51
9011020001100000,3,205330100136082338,,,1,1205330000101364090,313
9011020001100000,3,205330100136082452,,,1,1205330000101364090,319
9011020001100000,8,205330100136081974,,,1,1205330000132192002,237
9011020001100000,3,205330100136082186,,,1,1205330000101364090,305
9011020001100000,3,205330100136082300,,,1,1205330000101364090,311
9011020001100000,3,205330100136082528,,,1,1205330000101364090,323
9011020001100000,3,205330100136082642,,,1,1205330000101364090,329
9011020001100000,3,205330100136082224,,,1,1205330000101364090,307
9011020001100000,3,205330100136082262,,,1,1205330000101364090,309
9011020001100000,3,205330100136082376,,,1,1205330000101364090,315
9011020001100000,3,205330100136082490,,,1,1205330000101364090,321
9011020001100000,3,205330100136082604,,,1,1205330000101364090,327
9011020001100000,1,205330000133239205,,,0,1205330000095287278,218
9011020001100000,1,205330000133239236,,,0,1205330000095287278,220
9011020001100000,1,205330000133239329,,,0,1205330000095287278,226
9011020001100000,1,205330000133239112,,,0,1205330000095287278,212
9011020001100000,1,205330000133239143,,,0,1205330000095287278,214
9011020001100000,1,205330000133239174,,,0,1205330000095287278,216
9011020001100000,1,205330000133239081,,,0,1205330000095287278,210
9011020001100000,1,205330000133239267,,,0,1205330000095287278,222
9011020001100000,1,205330000133239298,,,0,1205330000095287278,224
9011020001100000,1,205330000133239360,,,0,1205330000095287278,228
9011020001100000,2,205330000136083147,,,0,1205330000132192115,18
9011020001100000,2,205330000136083272,,,0,1205330000095287278,26
9011020001100000,2,205330000136083304,,,0,1205330000095287278,28
9011020001100000,2,205330000136083368,,,0,1205330000095287278,32
9011020001100000,2,205330000136083400,,,0,1205330000095287278,34
9011020001100000,2,205330000136083464,,,0,1205330000095287278,38
9011020001100000,2,205330000136083624,,,0,1205330000095287278,64
9011020001100000,2,205330000136083730,,,0,1205330000132192115,50
9011020001100000,2,205330000136083804,,,0,1205330000132192115,62
9011020001100000,2,205330000136083841,,,0,1205330000132192115,54
9011020001100000,2,205330000136083873,,,0,1205330000095287278,70
9011020001100000,1,205330000136084339,,,0,1205330000095287278,234
9011020001100000,1,205330000136084370,,,0,1205330000095287278,236
9011020001100000,3,205330000136084401,,,0,1205330000095287278,302
9011020001100000,2,205330000136084719,,,0,1205330000095287278,6
9011020001100000,1,205330000133238639,,,0,1205330000095287278,202
9011020001100000,1,205330000133239050,,,0,1205330000095287278,208
9011020001100000,8,205330000133239578,,,0,1205330000132192115,242
9011020001100000,2,205330000136083432,,,0,1205330000095287278,36
9011020001100000,2,205330000136083560,,,0,1205330000095287278,44
9011020001100000,2,205330000136084040,,,0,1205330000095287322,68
9011020001100000,7,205330000136084109,,,0,1205330000132192115,86
9011020001100000,7,205330000136084147,,,0,1205330000132192115,90
9011020001100000,1,205330000136084275,,,0,1205330000095287278,230
9011020001100000,3,205330000136084476,,,0,1205330000095287278,332
9011020001100000,3,205330000136084508,,,0,1205330000095287278,334
9011020001100000,2,205330000136084651,,,0,1205330000095287278,10
9011020001100000,2,205330000136083110,,,0,1205330000132192115,16
9011020001100000,4,205330000136083173,,,0,1205330000088381621,520
9011020001100000,2,205330000136083240,,,0,1205330000095287278,24
9011020001100000,2,205330000136083592,,,0,1205330000095287278,46
9011020001100000,2,205330000136083937,,,0,1205330000095287278,74
9011020001100000,2,205330000136083969,,,0,1205330000095287278,76
9011020001100000,2,205330000136084072,,,0,1205330000095287278,80
9011020001100000,1,205330000136084232,,,0,1205330000095287278,204
9011020001100000,1,205330000136084307,,,0,1205330000095287278,232
9011020001100000,2,205330000136084582,,,0,1205330000132192115,58
9011020001100000,2,205330000136084619,,,0,1205330000132192115,60
9011020001100000,2,205330000136084688,,,0,1205330000132192115,20
9011020001100000,3,205330100133239112,,,0,1205330000095287278,312
9011020001100000,3,205330100133239143,,,0,1205330000095287278,314
9011020001100000,3,205330100133239174,,,0,1205330000095287278,316
9011020001100000,3,205330100133239205,,,0,1205330000095287278,318
9011020001100000,3,205330100133239267,,,0,1205330000095287278,322
9011020001100000,3,205330100133239298,,,0,1205330000095287278,324
9011020001100000,3,205330100133239360,,,0,1205330000095287278,328
9011020001100000,3,205330100133239236,,,0,1205330000095287278,320
9011020001100000,2,205330000136083036,,,0,1205330000132192115,12
9011020001100000,2,205330000136083073,,,0,1205330000132192115,14
9011020001100000,2,205330000136083208,,,0,1205330000095287278,22
9011020001100000,2,205330000136083336,,,0,1205330000095287278,30
9011020001100000,2,205330000136083496,,,0,1205330000095287278,40
9011020001100000,2,205330000136083528,,,0,1205330000095287278,42
9011020001100000,2,205330000136083656,,,0,1205330000095287278,66
9011020001100000,2,205330000136083693,,,0,1205330000132192115,48
9011020001100000,2,205330000136083767,,,0,1205330000132192115,52
9011020001100000,2,205330000136083905,,,0,1205330000095287278,72
9011020001100000,2,205330000136084001,,,0,1205330000095287278,78
9011020001100000,7,205330000136084195,,,0,1205330000132192059,92
9011020001100000,3,205330000136084432,,,0,1205330000095287278,306
9011020001100000,2,205330000136084545,,,0,1205330000132192115,56
9011020001100000,2,205330000136084750,,,0,1205330000095287278,8
9011020001100000,3,205330100133239329,,,0,1205330000095287278,326
9011020001100000,8,205330100136084147,,,0,1205330000132192115,246
9011020001100000,3,205330100133239050,,,0,1205330000095287278,308
9011020001100000,3,205330100133239081,,,0,1205330000095287278,310
9011020001100000,8,205330100136084195,,,0,1205330000132192059,248
9011020001100000,3,205330100136084275,,,0,1205330000095287278,330
9011020001200000,1,205330000130542824,,,1,1205330000105225022,205
9011020001200000,1,205330000130542970,,,1,1205330000105225022,207
9011020001200000,3,205330000130543068,,,1,1205330000105225022,309
9011020001200000,1,205330000130543042,,,1,1205330000105225022,215
9011020001200000,1,205330000133242596,,,1,1205330000114067268,225
9011020001200000,2,205330000133451613,,,1,1205330000114067268,71
9011020001200000,1,205330000133242486,,,1,1205330000114067268,221
9011020001200000,1,205330000133242552,,,1,1205330000114067268,223
9011020001200000,1,205330000133242640,,,1,1205330000114067268,229
9011020001200000,2,205330000133451636,,,1,1205330000114067268,73
9011020001200000,3,205330000133242618,,,1,1205330000114067268,327
9011020001200000,1,205330000133242808,,,1,1205330000114067268,217
9011020001200000,1,205330000130542994,,,1,1205330000105225022,211
9011020001200000,1,205330000130543018,,,1,1205330000105225022,213
9011020001200000,2,205330000136088692,,,1,1205330000114067268,35
9011020001200000,2,205330000136088714,,,1,1205330000114067268,37
9011020001200000,2,205330000136088802,,,1,1205330000114067268,49
9011020001200000,2,205330000136088824,,,1,1205330000114067268,51
9011020001200000,2,205330000136088846,,,1,1205330000114067268,53
9011020001200000,2,205330000136088868,,,1,1205330000114067268,55
9011020001200000,2,205330000136088890,,,1,1205330000114067268,57
9011020001200000,2,205330000136088912,,,1,1205330000114067268,59
9011020001200000,2,205330000136089050,,,1,1205330000105225022,15
9011020001200000,2,205330000136089100,,,1,1205330000105225022,33
9011020001200000,2,205330000136089130,,,1,1205330000105225101,11
9011020001200000,2,205330000136089180,,,1,1205330000105225022,7
9011020001200000,2,205330000136089205,,,1,1205330000105225022,17
9011020001200000,2,205330000136089230,,,1,1205330000105225022,19
9011020001200000,1,205330000133242420,,,1,1205330000114067268,219
9011020001200000,2,205330000133451669,,,1,1205330000114067268,69
9011020001200000,1,205330000136088558,,,1,1205330000114067268,231
9011020001200000,2,205330000136088642,,,1,1205330000114067228,43
9011020001200000,2,205330000136088670,,,1,1205330000114067228,47
9011020001200000,2,205330000136088736,,,1,1205330000114067268,39
9011020001200000,2,205330000136088780,,,1,1205330000114067268,45
9011020001200000,2,205330000136088934,,,1,1205330000114067268,61
9011020001200000,2,205330000136088978,,,1,1205330000114067268,65
9011020001200000,2,205330000136089000,,,1,1205330000114067268,67
9011020001200000,2,205330000136089025,,,1,1205330000105225022,13
9011020001200000,2,205330000136088956,,,1,1205330000114067268,63
9011020001200000,2,205330000136089155,,,1,1205330000105225022,5
9011020001200000,2,205330000136089306,,,1,1205330000105225022,27
9011020001200000,2,205330000136089331,,,1,1205330000105225022,29
9011020001200000,3,205330100130543042,,,1,1205330000105225022,315
9011020001200000,3,205330100133242420,,,1,1205330000114067268,319
9011020001200000,3,205330100133242486,,,1,1205330000114067268,321
9011020001200000,3,205330100133242552,,,1,1205330000114067268,323
9011020001200000,3,205330100130542970,,,1,1205330000105225022,307
9011020001200000,3,205330100130542994,,,1,1205330000105225022,311
9011020001200000,3,205330100130543018,,,1,1205330000105225022,313
9011020001200000,3,205330100133242808,,,1,1205330000114067268,317
9011020001200000,1,205330000136088533,,,1,1205330000114067268,227
9011020001200000,1,205330000136088596,,,1,1205330000105225022,209
9011020001200000,2,205330000136088758,,,1,1205330000114067268,41
9011020001200000,2,205330000136089075,,,1,1205330000105225022,31
9011020001200000,2,205330000136089255,,,1,1205330000105225022,21
9011020001200000,2,205330000136089281,,,1,1205330000105225022,25
9011020001200000,3,205330100130542824,,,1,1205330000105225022,305
9011020001200000,3,205330100136088558,,,1,1205330000114067268,331
9011020001200000,3,205330100133242596,,,1,1205330000114067268,325
9011020001200000,3,205330100133242640,,,1,1205330000114067268,329
9011020001200000,2,205330000129403249,,,0,1205330000105225235,70
9011020001200000,2,205330000129790302,,,0,1205330000105225235,68
9011020001200000,1,205330000129403153,,,0,1205330000105225235,216
9011020001200000,1,205330000129403201,,,0,1205330000105225235,220
9011020001200000,1,205330000129403225,,,0,1205330000105225235,222
9011020001200000,2,205330000129403273,,,0,1205330000105225235,72
9011020001200000,1,205330000133243189,,,0,1205330000114067467,206
9011020001200000,1,205330000133243233,,,0,1205330000114067467,212
9011020001200000,1,205330000133243255,,,0,1205330000114067467,214
9011020001200000,1,205330000133243211,,,0,1205330000114067467,210
9011020001200000,1,205330000133243167,,,0,1205330000114067467,204
9011020001200000,1,205330000129403177,,,0,1205330000105225235,218
9011020001200000,2,205330000129403297,,,0,1205330000105225235,74
9011020001200000,2,205330000136089377,,,0,1205330000114067467,22
9011020001200000,1,205330000133243279,,,0,1205330000114067467,208
9011020001200000,2,205330000133452433,,,0,1205330000105225235,76
9011020001200000,2,205330000136089400,,,0,1205330000114067467,24
9011020001200000,2,205330000136089615,,,0,1205330000105225235,42
9011020001200000,2,205330000136089715,,,0,1205330000105225235,62
9011020001200000,2,205330000136089765,,,0,1205330000105225235,66
9011020001200000,2,205330000136089849,,,0,1205330000105225273,54
9011020001200000,2,205330000136089965,,,0,1205330000105225235,52
9011020001200000,2,205330000136089993,,,0,1205330000114067376,18
9011020001200000,2,205330000136090016,,,0,1205330000114067467,10
9011020001200000,2,205330000136090039,,,0,1205330000114067467,12
9011020001200000,2,205330000136089492,,,0,1205330000114067467,32
9011020001200000,2,205330000136089640,,,0,1205330000105225235,56
9011020001200000,2,205330000136089690,,,0,1205330000105225235,60
9011020001200000,1,205330100129403273,,,0,1205330000105225235,226
9011020001200000,3,205330100129403153,,,0,1205330000105225235,316
9011020001200000,3,205330100129403177,,,0,1205330000105225235,318
9011020001200000,2,205330000136089515,,,0,1205330000114067467,34
9011020001200000,2,205330000136089540,,,0,1205330000105225235,36
9011020001200000,2,205330000136089565,,,0,1205330000105225235,38
9011020001200000,2,205330000136089890,,,0,1205330000105225235,44
9011020001200000,2,205330000136089915,,,0,1205330000105225235,46
9011020001200000,3,205330100133243211,,,0,1205330000114067467,310
9011020001200000,1,205330100129403297,,,0,1205330000105225235,228
9011020001200000,3,205330100133243167,,,0,1205330000114067467,304
9011020001200000,3,205330100133243233,,,0,1205330000114067467,312
9011020001200000,3,205330100133243255,,,0,1205330000114067467,314
9011020001200000,1,205330100133452433,,,0,1205330000105225235,230
9011020001200000,2,205330000136089354,,,0,1205330000114067467,20
9011020001200000,2,205330000136089423,,,0,1205330000114067467,26
9011020001200000,2,205330000136089446,,,0,1205330000114067467,28
9011020001200000,2,205330000136089469,,,0,1205330000114067467,30
9011020001200000,2,205330000136089590,,,0,1205330000105225235,40
9011020001200000,2,205330000136089665,,,0,1205330000105225235,58
9011020001200000,2,205330000136089740,,,0,1205330000105225235,64
9011020001200000,2,205330000136089819,,,0,1205330000105225273,50
9011020001200000,2,205330000136089940,,,0,1205330000105225235,48
9011020001200000,2,205330000136090062,,,0,1205330000114067467,14
9011020001200000,2,205330000136090085,,,0,1205330000114067467,16
9011020001200000,3,205330100129403201,,,0,1205330000105225235,320
9011020001200000,3,205330100129403225,,,0,1205330000105225235,322
9011020001200000,1,205330100129403249,,,0,1205330000105225235,224
9011020001200000,3,205330100133243279,,,0,1205330000114067467,308
9011020001200000,3,205330200129403273,,,0,1205330000105225235,326
9011020001200000,3,205330100133243189,,,0,1205330000114067467,306
9011020001200000,3,205330200129403297,,,0,1205330000105225235,328
9011020001200000,3,205330200129403249,,,0,1205330000105225235,324
9011020001200000,3,205330200133452433,,,0,1205330000105225235,330
9011020001300000,2,205330000136090252,,,1,1205330000132201163,31
9011020001300000,1,205330000136090432,,,1,1205330000132201163,211
9011020001300000,1,205330000136090576,,,1,1205330000132201163,219
9011020001300000,1,205330000136090720,,,1,1205330000132201163,227
9011020001300000,2,205330000136090966,,,1,1205330000132201163,17
9011020001300000,2,205330000136091074,,,1,1205330000132201163,11
9011020001300000,2,205330000136091183,,,1,1205330000132201163,21
9011020001300000,2,205330000136091255,,,1,1205330000132201163,25
9011020001300000,2,205330000136091469,,,1,1205330000132201163,15
9011020001300000,2,205330000136091684,,,1,1205330000132201163,57
9011020001300000,2,205330000136091862,,,1,1205330000132201163,39
9011020001300000,2,205330000136090216,,,1,1205330000132201163,29
9011020001300000,2,205330000136091363,,,1,1205330000132201163,35
9011020001300000,2,205330000136091399,,,1,1205330000132201163,37
9011020001300000,2,205330000136091577,,,1,1205330000132201163,51
9011020001300000,2,205330000136091613,,,1,1205330000132201163,53
9011020001300000,7,205330000136091756,,,1,1205330000132201163,923
9011020001300000,2,205330000136092006,,,1,1205330000132201163,943
9011020001300000,8,205330000136090178,,,1,1205330000132201211,247
9011020001300000,1,205330000136090360,,,1,1205330000132201163,203
9011020001300000,1,205330000136090396,,,1,1205330000132201163,209
9011020001300000,1,205330000136090468,,,1,1205330000132201163,213
9011020001300000,1,205330000136090504,,,1,1205330000132201163,215
9011020001300000,1,205330000136090828,,,1,1205330000132201163,233
9011020001300000,2,205330000136090894,,,1,1205330000132201163,3
9011020001300000,2,205330000136091002,,,1,1205330000132201163,103
9011020001300000,2,205330000136091038,,,1,1205330000132201163,9
9011020001300000,2,205330000136091147,,,1,1205330000132201163,19
9011020001300000,2,205330000136091291,,,1,1205330000132201163,27
9011020001300000,1,205330000136091327,,,1,1205330000132201163,235
9011020001300000,2,205330000136091505,,,1,1205330000132201163,47
9011020001300000,2,205330000136091541,,,1,1205330000132201163,49
9011020001300000,2,205330000136091649,,,1,1205330000132201163,55
9011020001300000,7,205330000136091791,,,1,1205330000132201211,65
9011020001300000,2,205330000136091898,,,1,1205330000132201163,41
9011020001300000,8,205330000136090142,,,1,1205330000132201211,237
9011020001300000,2,205330000136090288,,,1,1205330000132201163,33
9011020001300000,1,205330000136090324,,,1,1205330000132201163,201
9011020001300000,1,205330000136090540,,,1,1205330000132201163,217
9011020001300000,1,205330000136090612,,,1,1205330000132201163,221
9011020001300000,1,205330000136090648,,,1,1205330000132201163,223
9011020001300000,1,205330000136090684,,,1,1205330000132201163,225
9011020001300000,1,205330000136090756,,,1,1205330000132201163,229
9011020001300000,1,205330000136090792,,,1,1205330000132201163,231
9011020001300000,2,205330000136090930,,,1,1205330000132201163,7
9011020001300000,2,205330000136091110,,,1,1205330000132201163,911
9011020001300000,2,205330000136091219,,,1,1205330000132201163,23
9011020001300000,2,205330000136091434,,,1,1205330000132201163,13
9011020001300000,2,205330000136091720,,,1,1205330000132201163,59
9011020001300000,7,205330000136091825,,,1,1205330000132201211,73
9011020001300000,2,205330000136091934,,,1,1205330000132201163,43
9011020001300000,2,205330000136091970,,,1,1205330000132201163,45
9011020001300000,3,205330100136090396,,,1,1205330000132201163,309
9011020001300000,3,205330100136090540,,,1,1205330000132201163,317
9011020001300000,3,205330100136090468,,,1,1205330000132201163,313
9011020001300000,3,205330100136090612,,,1,1205330000132201163,321
9011020001300000,3,205330100136090720,,,1,1205330000132201163,327
9011020001300000,3,205330100136090324,,,1,1205330000132201163,303
9011020001300000,3,205330100136090576,,,1,1205330000132201163,319
9011020001300000,3,205330100136090684,,,1,1205330000132201163,325
9011020001300000,3,205330100136090792,,,1,1205330000132201163,329
9011020001300000,3,205330100136090360,,,1,1205330000132201163,307
9011020001300000,3,205330100136090432,,,1,1205330000132201163,311
9011020001300000,3,205330100136090504,,,1,1205330000132201163,315
9011020001300000,3,205330100136090648,,,1,1205330000132201163,323
9011020001300000,3,205330100136090756,,,1,1205330000132201163,331
9011020001300000,3,205330100136090828,,,1,1205330000132201163,333
9011020001300000,1,205330000135424767,,,0,1205330000132201334,202
9011020001300000,2,205330000136092124,,,0,1205330000132201389,12
9011020001300000,2,205330000136092724,,,0,1205330000132201334,56
9011020001300000,1,205330000136092964,,,0,1205330000132201334,204
9011020001300000,1,205330000136093004,,,0,1205330000132201334,206
9011020001300000,1,205330000136093204,,,0,1205330000132201334,216
9011020001300000,1,205330000136093484,,,0,1205330000132201334,230
9011020001300000,1,205330000136093524,,,0,1205330000132201334,232
9011020001300000,7,205330000136093668,,,0,1205330000132201334,922
9011020001300000,2,205330000136093865,,,0,1205330000132201334,40
9011020001300000,2,205330000136092204,,,0,1205330000132201334,912
9011020001300000,2,205330000136092245,,,0,1205330000132201334,16
9011020001300000,2,205330000136092325,,,0,1205330000132201334,20
9011020001300000,2,205330000136092365,,,0,1205330000132201334,24
9011020001300000,2,205330000136092803,,,0,1205330000132201334,52
9011020001300000,2,205330000136092842,,,0,1205330000132201334,54
9011020001300000,2,205330000136092882,,,0,1205330000132201334,58
9011020001300000,2,205330000136092922,,,0,1205330000132201334,60
9011020001300000,1,205330000136093044,,,0,1205330000132201334,208
9011020001300000,1,205330000136093124,,,0,1205330000132201334,212
9011020001300000,1,205330000136093284,,,0,1205330000132201334,220
9011020001300000,1,205330000136093364,,,0,1205330000132201334,224
9011020001300000,2,205330000136093945,,,0,1205330000132201334,44
9011020001300000,2,205330000136092164,,,0,1205330000132201334,14
9011020001300000,2,205330000136092285,,,0,1205330000132201334,18
9011020001300000,2,205330000136092404,,,0,1205330000132201334,22
9011020001300000,2,205330000136092444,,,0,1205330000132201334,26
9011020001300000,2,205330000136092524,,,0,1205330000132201334,30
9011020001300000,2,205330000136092604,,,0,1205330000132201334,34
9011020001300000,1,205330000136093164,,,0,1205330000132201334,214
9011020001300000,1,205330000136093244,,,0,1205330000132201334,218
9011020001300000,3,205330000136093571,,,0,1205330000132201334,312
9011020001300000,7,205330000136093705,,,0,1205330000132201489,64
9011020001300000,7,205330000136093740,,,0,1205330000132201489,72
9011020001300000,2,205330000136093825,,,0,1205330000132201334,38
9011020001300000,2,205330000136093905,,,0,1205330000132201334,42
9011020001300000,2,205330000136094025,,,0,1205330000132201334,913
9011020001300000,3,205330100135424767,,,0,1205330000132201334,302
9011020001300000,2,205330000136092045,,,0,1205330000132201334,8
9011020001300000,2,205330000136092085,,,0,1205330000132201334,10
9011020001300000,2,205330000136092484,,,0,1205330000132201334,28
9011020001300000,2,205330000136092564,,,0,1205330000132201334,32
9011020001300000,2,205330000136092644,,,0,1205330000132201334,36
9011020001300000,2,205330000136092684,,,0,1205330000132201334,48
9011020001300000,2,205330000136092764,,,0,1205330000132201334,50
9011020001300000,1,205330000136093084,,,0,1205330000132201334,210
9011020001300000,1,205330000136093324,,,0,1205330000132201334,222
9011020001300000,1,205330000136093404,,,0,1205330000132201334,226
9011020001300000,1,205330000136093444,,,0,1205330000132201334,228
9011020001300000,3,205330000136093620,,,0,1205330000132201334,324
9011020001300000,2,205330000136093785,,,0,1205330000132201334,6
9011020001300000,2,205330000136093985,,,0,1205330000132201334,46
9011020001300000,3,205330100136093284,,,0,1205330000132201334,322
9011020001300000,3,205330100136093364,,,0,1205330000132201334,326
9011020001300000,3,205330100136092964,,,0,1205330000132201334,304
9011020001300000,3,205330100136093164,,,0,1205330000132201334,316
9011020001300000,3,205330100136093404,,,0,1205330000132201334,328
9011020001300000,3,205330100136093244,,,0,1205330000132201334,320
9011020001300000,8,205330100136093705,,,0,1205330000132201489,236
9011020001300000,8,205330100136093740,,,0,1205330000132201489,240
9011020001300000,3,205330100136093004,,,0,1205330000132201334,306
9011020001300000,3,205330100136093044,,,0,1205330000132201334,310
9011020001300000,3,205330100136093124,,,0,1205330000132201334,314
9011020001300000,3,205330100136093204,,,0,1205330000132201334,318
9011020001300000,3,205330100136093444,,,0,1205330000132201334,330
9011020001300000,3,205330100136093484,,,0,1205330000132201334,334
9011020001400000,2,205330000132907467,,,1,1205330000090963545,35
9011020001400000,1,205330000136094370,,,1,1205330000090963614,207
9011020001400000,2,205330000136094458,,,1,1205330000090963614,27
9011020001400000,2,205330000136094615,,,1,1205330000090963614,9
9011020001400000,2,205330000136094693,,,1,1205330000090963614,21
9011020001400000,1,205330000136094396,,,1,1205330000090963614,211
9011020001400000,2,205330000136094536,,,1,1205330000090963614,25
9011020001400000,2,205330000136094563,,,1,1205330000090963575,107
9011020001400000,2,205330000136094589,,,1,1205330000090963614,5
9011020001400000,1,205330000136094318,,,1,1205330000090963614,203
9011020001400000,1,205330000136094344,,,1,1205330000090963614,205
9011020001400000,2,205330000136094432,,,1,1205330000133456870,31
9011020001400000,2,205330000136094510,,,1,1205330000090963614,23
9011020001400000,2,205330000136094484,,,1,1205330000090963614,29
9011020001400000,2,205330000136094641,,,1,1205330000090963614,15
9011020001400000,2,205330000136094667,,,1,1205330000090963614,17
9011020001400000,2,205330000136094724,,,1,1205330000133456870,3
9011020001400000,2,205330000136094755,,,1,1205330000133456870,13
9011020001400000,3,205330100136094344,,,1,1205330000090963614,307
9011020001400000,3,205330100136094370,,,1,1205330000090963614,309
9011020001400000,2,205330000135452528,,,0,1205330000090963848,38
9011020001400000,1,205330000136094883,,,0,1205330000121951095,208
9011020001400000,2,205330000136095141,,,0,1205330000121951139,8
9011020001400000,2,205330000136095175,,,0,1205330000121951139,30
9011020001400000,2,205330000136094819,,,0,1205330000121951095,16
9011020001400000,2,205330000136095016,,,0,1205330000121951050,124
9011020001400000,2,205330000136095051,,,0,1205330000121951003,122
9011020001400000,1,205330000136094851,,,0,1205330000121951095,204
9011020001400000,2,205330000136094983,,,0,1205330000121951095,28
9011020001400000,2,205330000136095209,,,0,1205330000121951139,26
9011020001400000,2,205330000136095243,,,0,1205330000121951139,4
9011020001400000,2,205330000136095277,,,0,1205330000121951139,12
9011020001400000,2,205330000136094787,,,0,1205330000121951095,10
9011020001400000,1,205330000136094915,,,0,1205330000121951095,212
9011020001400000,1,205330000136094947,,,0,1205330000121951095,216
9011020001400000,2,205330000136095074,,,0,1205330000090963740,120
9011020001400000,2,205330000136095107,,,0,1205330000121951050,118
9011020001400000,3,205330100136094883,,,0,1205330000121951095,304
9011020001400000,3,205330100136094915,,,0,1205330000121951095,312
9011020001500000,2,205330000135452573,,,1,1205330000126391654,15
9011020001500000,2,205330000135452553,,,1,1205330000126391654,11
9011020003100000,1,205330000130267742,,,1,1205330000122212748,221
9011020003100000,1,205330000130267768,,,1,1205330000122212748,225
9011020003100000,4,205330000126127400,,,1,1205330000126127326,609
9011020003100000,1,205330000113752939,,,1,1205330000084620411,201
9011020003100000,1,205330000130267794,,,1,1205330000122212748,229
9011020003100000,1,205330000130267690,,,1,1205330000122212748,213
9011020003100000,1,205330000130267716,,,1,1205330000122212748,217
9011020003100000,1,205330000130267820,,,1,1205330000122212748,205
9011020003100000,2,205330000131495167,,,1,1205330000084620346,17
9011020003100000,1,205330000131604294,,,1,1205330000084620346,203
9011020003100000,2,205330000131604612,,,1,1205330000084620371,19
9011020003100000,2,205330000131604693,,,1,1205330000084620371,29
9011020003100000,2,205330000131604882,,,1,1205330000084620371,43
9011020003100000,2,205330000131604990,,,1,1205330000084620371,57
9011020003100000,1,205330000131604313,,,1,1205330000084620346,219
9011020003100000,2,205330000131604477,,,1,1205330000084620371,3
9011020003100000,2,205330000131604639,,,1,1205330000084620371,23
9011020003100000,2,205330000131604774,,,1,1205330000084620371,35
9011020003100000,2,205330000131604855,,,1,1205330000084620371,41
9011020003100000,2,205330000131604909,,,1,1205330000084620371,45
9011020003100000,2,205330000131604936,,,1,1205330000084620371,49
9011020003100000,2,205330000131604963,,,1,1205330000084620371,53
9011020003100000,1,205330000131604345,,,1,1205330000084620346,227
9011020003100000,4,205330000131604415,,,1,1205330000126127345,509
9011020003100000,2,205330000131604450,,,1,1205330000084620371,1
9011020003100000,2,205330000131604504,,,1,1205330000084620371,5
9011020003100000,2,205330000131604585,,,1,1205330000084620371,15
9011020003100000,2,205330000131604666,,,1,1205330000084620371,27
9011020003100000,2,205330000131604720,,,1,1205330000084620371,31
9011020003100000,2,205330000131604747,,,1,1205330000084620371,33
9011020003100000,1,205330000130267664,,,1,1205330000122212748,209
9011020003100000,2,205330000130268195,,,1,1205330000084620371,13
9011020003100000,2,205330000131604230,,,1,1205330000084620346,21
9011020003100000,2,205330000131604246,,,1,1205330000084620346,25
9011020003100000,2,205330000131604262,,,1,1205330000084620346,47
9011020003100000,2,205330000131604278,,,1,1205330000084620346,51
9011020003100000,1,205330000131604329,,,1,1205330000084620346,223
9011020003100000,1,205330000131604361,,,1,1205330000084620346,231
9011020003100000,2,205330000131604397,,,1,1205330000084620371,9
9011020003100000,2,205330000131604531,,,1,1205330000084620371,7
9011020003100000,2,205330000131604558,,,1,1205330000084620371,11
9011020003100000,2,205330000131604801,,,1,1205330000084620371,37
9011020003100000,2,205330000131604828,,,1,1205330000084620371,39
9011020003100000,1,205330100131495167,,,1,1205330000084620346,207
9011020003100000,1,205330100131604246,,,1,1205330000084620346,215
9011020003100000,2,205330000130270022,,,0,1205330000023058108,60
9011020003100000,1,205330000131172240,,,0,1205330000122212787,204
9011020003100000,2,205330000131172640,,,0,1205330000084620486,12
9011020003100000,2,205330000131172970,,,0,1205330000084620486,38
9011020003100000,2,205330000131173036,,,0,1205330000084620486,42
9011020003100000,2,205330000131173102,,,0,1205330000084620486,46
9011020003100000,2,205330000131173135,,,0,1205330000084620486,48
9011020003100000,1,205330000131173441,,,0,1205330000084620439,222
9011020003100000,2,205330000131173557,,,0,1205330000084620439,540
9011020003100000,1,205330000131172376,,,0,1205330000122212787,220
9011020003100000,2,205330000131172706,,,0,1205330000084620486,16
9011020003100000,2,205330000131173069,,,0,1205330000084620486,44
9011020003100000,2,205330000131173168,,,0,1205330000084620486,50
9011020003100000,2,205330000131173263,,,0,1205330000084620439,2
9011020003100000,2,205330000131173292,,,0,1205330000084620439,22
9011020003100000,2,205330000131173321,,,0,1205330000084620439,26
9011020003100000,1,205330000131173408,,,0,1205330000084620439,206
9011020003100000,1,205330000131173499,,,0,1205330000084620439,230
9011020003100000,2,205330000131173588,,,0,1205330000084620439,544
9011020003100000,1,205330000131172308,,,0,1205330000122212787,212
9011020003100000,1,205330000131172342,,,0,1205330000122212787,216
9011020003100000,1,205330000131172444,,,0,1205330000122212787,228
9011020003100000,2,205330000131172541,,,0,1205330000084620486,6
9011020003100000,2,205330000131172574,,,0,1205330000084620486,8
9011020003100000,2,205330000131172607,,,0,1205330000084620486,10
9011020003100000,2,205330000131172673,,,0,1205330000084620486,14
9011020003100000,2,205330000131172772,,,0,1205330000084620486,20
9011020003100000,2,205330000131172838,,,0,1205330000084620486,28
9011020003100000,2,205330000131173003,,,0,1205330000084620486,40
9011020003100000,2,205330000131173201,,,0,1205330000084620486,54
9011020003100000,2,205330000131173234,,,0,1205330000084620486,58
9011020003100000,2,205330000131173350,,,0,1205330000084620439,30
9011020003100000,1,205330000131173470,,,0,1205330000084620439,226
9011020003100000,1,205330000130270043,,,0,1205330000023058108,232
9011020003100000,1,205330000131172274,,,0,1205330000122212787,208
9011020003100000,1,205330000131172410,,,0,1205330000122212787,224
9011020003100000,4,205330000131172473,,,0,1205330000084620439,512
9011020003100000,2,205330000131172508,,,0,1205330000084620486,4
9011020003100000,2,205330000131172739,,,0,1205330000084620486,18
9011020003100000,2,205330000131172805,,,0,1205330000084620486,24
9011020003100000,2,205330000131172871,,,0,1205330000084620486,32
9011020003100000,2,205330000131172904,,,0,1205330000084620486,34
9011020003100000,2,205330000131172937,,,0,1205330000084620486,36
9011020003100000,2,205330000131173379,,,0,1205330000084620439,52
9011020003100000,4,205330000131605060,,,0,1205330000084620439,510
9011020003100000,1,205330100131173321,,,0,1205330000084620439,214
9011020003100000,1,205330100131173350,,,0,1205330000084620439,218
9011020003100000,2,205330100131173499,,,0,1205330000084620439,542
9011020003200000,1,205330000130270241,,,1,1205330000084622712,209
9011020003200000,1,205330000115982995,,,1,1205330000101413866,215
9011020003200000,2,205330000115983528,,,1,1205330000101413866,21
9011020003200000,2,205330000115983631,,,1,1205330000101413866,23
9011020003200000,1,205330000115983734,,,1,1205330000101413866,201
9011020003200000,1,205330000115982892,,,1,1205330000101413866,213
9011020003200000,3,205330000115983100,,,1,1205330000101413866,311
9011020003200000,1,205330000130270129,,,1,1205330000101413914,211
9011020003200000,1,205330000130270186,,,1,1205330000084622712,205
9011020003200000,2,205330000131174872,,,1,1205330000101413679,5
9011020003200000,2,205330000131175124,,,1,1205330000101413679,9
9011020003200000,2,205330000131175250,,,1,1205330000101413679,11
9011020003200000,1,205330000115982789,,,1,1205330000101413866,203
9011020003200000,3,205330000115983203,,,1,1205330000101413866,319
9011020003200000,2,205330000131174998,,,1,1205330000101413679,7
9011020003200000,4,205330000131175650,,,1,1205330000115200957,3
9011020003200000,1,205330000135813541,,,1,1205330000101413914,207
9011020003200000,2,205330000131175376,,,1,1205330000101413679,13
9011020003200000,9,205330000131175502,,,1,1205330000101413679,27
9011020003200000,2,205330000131175782,,,1,1205330000102614110,1
9011020003200000,2,205330000131175927,,,1,1205330000102614019,15
9011020003200000,3,205330100135813541,,,1,1205330000101413914,305
9011020003200000,3,205330100115982789,,,1,1205330000101413866,301
9011020003900000,10,205330000135309909,,,1,1205330000108479309,302
9011020003900000,7,205330000136095343,,,1,1205330000108479309,2
9011020003900000,10,205330000136203844,,,0,1205330000108479379,301
9011020003900000,7,205330000136095501,,,0,1205330000108479379,1
9011020004100000,2,205330000135814406,,,1,1205330000135813669,11
9011020004100000,2,205330000135814636,,,1,1205330000135813669,19
9011020004100000,2,205330000135814751,,,1,1205330000135813669,23
9011020004100000,2,205330000135814981,,,1,1205330000135813669,35
9011020004100000,2,205330000135815084,,,1,1205330000135813712,5
9011020004100000,2,205330000135815290,,,1,1205330000135813712,13
9011020004100000,2,205330000135815496,,,1,1205330000135813712,21
9011020004100000,1,205330000135816009,,,1,1205330000135813712,203
9011020004100000,1,205330000135816417,,,1,1205330000135813712,211
9011020004100000,2,205330000135814521,,,1,1205330000135813669,15
9011020004100000,2,205330000135815805,,,1,1205330000135813712,33
9011020004100000,1,205330000135815907,,,1,1205330000135813712,201
9011020004100000,1,205330000135816111,,,1,1205330000135813712,205
9011020004100000,2,205330000135814061,,,1,1205330000135813626,31
9011020004100000,2,205330000135814866,,,1,1205330000135813669,27
9011020004100000,2,205330000135815187,,,1,1205330000135813712,9
9011020004100000,2,205330000135815702,,,1,1205330000135813712,29
9011020004100000,1,205330000135816213,,,1,1205330000135813712,207
9011020004100000,1,205330000135816315,,,1,1205330000135813712,209
9011020004100000,2,205330000135814176,,,1,1205330000135813669,3
9011020004100000,2,205330000135814291,,,1,1205330000135813669,7
9011020004100000,2,205330000135815393,,,1,1205330000135813712,17
9011020004100000,2,205330000135815599,,,1,1205330000135813712,25
9011020004100000,3,205330100135816009,,,1,1205330000135813712,303
9011020004100000,3,205330100135816111,,,1,1205330000135813712,305
9011020004100000,3,205330100135816213,,,1,1205330000135813712,307
9011020004100000,3,205330100135816315,,,1,1205330000135813712,309
9011020004100000,3,205330100135815907,,,1,1205330000135813712,301
9011020004100000,3,205330100135816417,,,1,1205330000135813712,311
9011020004100000,2,205330000135817588,,,0,1205330000135813866,32
9011020004100000,2,205330000135817654,,,0,1205330000135813840,12
9011020004100000,2,205330000135817720,,,0,1205330000135813840,16
9011020004100000,2,205330000135817786,,,0,1205330000135813840,20
9011020004100000,2,205330000135817925,,,0,1205330000135813917,8
9011020004100000,1,205330000135816654,,,0,1205330000131605147,214
9011020004100000,3,205330000135816899,,,0,1205330000135813777,306
9011020004100000,1,205330000135817042,,,0,1205330000135813803,202
9011020004100000,2,205330000135817296,,,0,1205330000135813866,14
9011020004100000,2,205330000135817852,,,0,1205330000135813840,26
9011020004100000,2,205330000135818130,,,0,1205330000135813777,34
9011020004100000,1,205330000135816769,,,0,1205330000135813777,204
9011020004100000,2,205330000135817369,,,0,1205330000135813866,18
9011020004100000,2,205330000135817998,,,0,1205330000135813954,4
9011020004100000,2,205330000135818196,,,0,1205330000135814005,10
9011020004100000,1,205330000135816834,,,0,1205330000135813777,212
9011020004100000,3,205330000135816964,,,0,1205330000135813777,308
9011020004100000,2,205330000135817158,,,0,1205330000135813840,30
9011020004100000,3,205330000135817223,,,0,1205330000135813840,304
9011020004100000,2,205330000135817442,,,0,1205330000135813866,22
9011020004100000,2,205330000135817515,,,0,1205330000135813866,28
9011020004100000,2,205330000135818064,,,0,1205330000135813777,6
9011020004100000,1,205330000135818262,,,0,1205330000135814005,206
9011020004100000,1,205330000135818328,,,0,1205330000135814005,208
9011020004100000,1,205330000135818394,,,0,1205330000135814005,210
9011020004100000,2,205330000136312078,,,0,1205330000135813739,24
9011020004100000,3,205330100135818394,,,0,1205330000135814005,310
9011020004100000,3,205330100135816654,,,0,1205330000131605147,314
9011020004100000,3,205330100135817042,,,0,1205330000135813803,302
9011020004100000,3,205330100135816834,,,0,1205330000135813777,312
9011020004200000,2,205330000130276840,,,1,1205330000130275679,11
9011020004200000,2,205330000135818529,,,1,1205330000130275679,5
9011020004200000,2,205330000135818683,,,1,1205330000130275679,13
9011020004200000,2,205330000135819452,,,1,1205330000130275633,17
9011020004200000,2,205330000135819606,,,1,1205330000130275633,19
9011020004200000,1,205330000135818988,,,1,1205330000130275679,205
9011020004200000,2,205330000130275907,,,1,1205330000130275588,21
9011020004200000,1,205330000130276060,,,1,1205330000130275588,201
9011020004200000,3,205330000130276368,,,1,1205330000130275588,305
9011020004200000,1,205330000130276522,,,1,1205330000130275588,207
9011020004200000,1,205330000135818835,,,1,1205330000130275679,203
9011020004200000,2,205330000135819144,,,1,1205330000135818451,7
9011020004200000,2,205330000135819298,,,1,1205330000130275633,15
9011020004200000,3,205330100130276522,,,1,1205330000130275588,307
9011020004200000,3,205330100135818835,,,1,1205330000130275679,303
9011020004200000,3,205330100130276060,,,1,1205330000130275588,301
9011020004300000,2,205330000135822066,,,1,1205330000135820394,13
9011020004300000,2,205330000135822530,,,1,1205330000135820440,15
9011020004300000,3,205330000135820982,,,1,1205330000135820301,301
9011020004300000,2,205330000135821604,,,1,1205330000135820394,1
9011020004300000,2,205330000135820520,,,1,1205330000135820254,21
9011020004300000,1,205330000135820828,,,1,1205330000135820301,205
9011020004300000,2,205330000135821141,,,1,1205330000135820347,17
9011020004300000,2,205330000135821450,,,1,1205330000135820301,5
9011020004300000,2,205330000135821912,,,1,1205330000135820394,11
9011020004300000,2,205330000135822375,,,1,1205330000135820440,7
9011020004300000,1,205330000135820674,,,1,1205330000135820301,203
9011020004300000,2,205330000135821296,,,1,1205330000135820347,19
9011020004300000,2,205330000135821758,,,1,1205330000135820394,3
9011020004300000,1,205330000135822220,,,1,1205330000135820394,201
9011020004300000,3,205330100135820674,,,1,1205330000135820301,303
9011020004300000,3,205330100135820828,,,1,1205330000135820301,305
9011020004400000,2,205330000135823443,,,1,1205330000115202750,1
9011020004400000,2,205330000135823908,,,1,1205330000115202797,5
9011020004400000,2,205330000135823598,,,1,1205330000115202750,9
9011020004400000,2,205330000135824063,,,1,1205330000115202797,7
9011020004400000,2,205330000135823753,,,1,1205330000135823362,3
9011020005100000,2,205330000131990992,,,1,1205330000126131236,9
9011020005100000,1,205330000135825463,,,1,1205330000126131236,205
9011020005100000,2,205330000135824822,,,1,1205330000126131236,7
9011020005100000,2,205330000135824983,,,1,1205330000126131236,13
9011020005100000,2,205330000135825543,,,1,1205330000126131279,3
9011020005100000,2,205330000131990834,,,1,1205330000126131236,1
9011020005100000,2,205330000135824903,,,1,1205330000126131236,11
9011020005100000,2,205330000135825063,,,1,1205330000126131236,15
9011020005100000,1,205330000135825303,,,1,1205330000126131236,201
9011020005100000,2,205330000135825143,,,1,1205330000126131236,17
9011020005100000,2,205330000135825223,,,1,1205330000126131236,19
9011020005100000,1,205330000135825383,,,1,1205330000126131236,203
9011020005100000,2,205330000135825623,,,1,1205330000126131279,5
9011020005100000,2,205330000135825857,,,0,1205330000126131322,6
9011020005100000,1,205330000135826170,,,0,1205330000126131322,202
9011020005100000,1,205330000135826248,,,0,1205330000126131322,204
9011020005100000,2,205330000135825701,,,0,1205330000126131322,2
9011020005100000,1,205330000135826326,,,0,1205330000126131322,206
9011020005100000,2,205330000135826406,,,0,1205330000126131362,12
9011020005100000,2,205330000135826486,,,0,1205330000126131362,14
9011020005100000,2,205330000135826566,,,0,1205330000126131362,16
9011020005100000,2,205330000135825935,,,0,1205330000126131322,8
9011020005100000,2,205330000135826014,,,0,1205330000126131322,18
9011020005100000,2,205330000135826092,,,0,1205330000126131322,20
9011020005100000,2,205330000135327766,,,0,1205330000126131322,10
9011020005100000,2,205330000135825779,,,0,1205330000126131322,4
9011020005200000,2,205330000135328679,,,1,1205330000126133446,7
9011020005200000,2,205330000135827002,,,1,1205330000126133446,17
9011020005200000,2,205330000135827416,,,1,1205330000131991868,11
9011020005200000,2,205330000135827692,,,1,1205330000135826623,15
9011020005200000,2,205330000135826728,,,1,1205330000126133446,1
9011020005200000,2,205330000135826865,,,1,1205330000126133446,3
9011020005200000,2,205330000135827139,,,1,1205330000126133446,19
9011020005200000,2,205330000135827555,,,1,1205330000131991868,13
9011020005200000,2,205330000135827278,,,1,1205330000126133507,5
9011020005300000,2,205330000135828646,,,1,1205330000135827791,17
9011020005300000,2,205330000135828097,,,1,1205330000135827791,5
9011020005300000,2,205330000135827960,,,1,1205330000135827791,3
9011020005300000,2,205330000135828371,,,1,1205330000135827791,11
9011020005300000,2,205330000135828784,,,1,1205330000135827853,15
9011020005300000,2,205330000135828234,,,1,1205330000135827791,9
9011020005300000,2,205330000135828509,,,1,1205330000135827791,13
9011020005400000,4,205330000131181898,,,1,1205330000122216927,1
9011020005400000,4,205330000131992203,,,0,1205330000095829157,4
9011020005400000,4,205330000135828910,,,0,1205330000095829157,2
9011020005500000,2,205330000135829026,,,1,1205330000131496506,15
9011020005500000,2,205330000135829245,,,1,1205330000126135938,9
9011020005500000,2,205330000135829136,,,1,1205330000135828963,11
9011020005500000,2,205330000135829463,,,1,1205330000126135863,3
9011020005500000,2,205330000135829354,,,1,1205330000126135863,1
9011020010100000,2,205330000130289669,,,1,1205330000129407873,9
9011020010100000,2,205330000135829581,,,1,1205330000129305512,39
9011020010100000,1,205330000135829953,,,1,1205330000129305512,213
9011020010100000,3,205330000135830077,,,1,1205330000129305512,301
9011020010100000,2,205330000135830205,,,1,1205330000129305399,11
9011020010100000,2,205330000135831445,,,1,1205330000129305399,35
9011020010100000,2,205330000135829705,,,1,1205330000129305512,41
9011020010100000,2,205330000135831197,,,1,1205330000129305399,29
9011020010100000,2,205330000135831321,,,1,1205330000129305399,33
9011020010100000,1,205330000135831693,,,1,1205330000129305399,203
9011020010100000,1,205330000135832324,,,1,1205330000129305474,201
9011020010100000,2,205330000135832574,,,1,1205330000129305436,7
9011020010100000,2,205330000135831569,,,1,1205330000129305399,37
9011020010100000,1,205330000135831817,,,1,1205330000129305399,205
9011020010100000,1,205330000135831941,,,1,1205330000129305399,207
9011020010100000,2,205330000135832199,,,1,1205330000129305474,1
9011020010100000,2,205330000135832449,,,1,1205330000129305436,3
9011020010100000,2,205330000135830329,,,1,1205330000129305399,13
9011020010100000,2,205330000135830825,,,1,1205330000129305399,21
9011020010100000,2,205330000135830949,,,1,1205330000129305399,23
9011020010100000,2,205330000135831073,,,1,1205330000129305399,25
9011020010100000,1,205330000135832065,,,1,1205330000129305399,209
9011020010100000,1,205330000135829829,,,1,1205330000129305512,211
9011020010100000,2,205330000135830453,,,1,1205330000129305399,15
9011020010100000,2,205330000135830577,,,1,1205330000129305399,17
9011020010100000,2,205330000135830701,,,1,1205330000129305399,19
9011020010100000,2,205330000136095742,,,1,1205330000129407873,27
9011020010100000,2,205330000136095841,,,1,1205330000129407873,31
9011020010100000,2,205330000136095643,,,1,1205330000129407873,5
9011020010100000,3,205330100135829829,,,1,1205330000129305512,311
9011020010100000,3,205330100135831693,,,1,1205330000129305399,303
9011020010100000,3,205330100135831817,,,1,1205330000129305399,305
9011020010100000,3,205330100135832065,,,1,1205330000129305399,309
9011020010100000,4,205330000136095933,,,1,1205330000136095601,507
9011020010100000,3,205330100135829953,,,1,1205330000129305512,313
9011020010100000,3,205330100135831941,,,1,1205330000129305399,307
9011020010100000,3,205330000130291009,,,0,1205330000129305585,302
9011020010100000,3,205330000130291324,,,0,1205330000129305585,314
9011020010100000,1,205330000130291534,,,0,1205330000129305549,206
9011020010100000,2,205330000130292367,,,0,1205330000129305549,10
9011020010100000,2,205330000130292997,,,0,1205330000129305549,22
9011020010100000,2,205330000130293417,,,0,1205330000129305549,34
9011020010100000,1,205330000130290379,,,0,1205330000129305585,210
9011020010100000,1,205330000130291429,,,0,1205330000129305549,204
9011020010100000,1,205330000130291639,,,0,1205330000129305549,208
9011020010100000,2,205330000130292262,,,0,1205330000129305549,8
9011020010100000,2,205330000130293522,,,0,1205330000129305549,36
9011020010100000,3,205330000130290694,,,0,1205330000129305549,304
9011020010100000,3,205330000130290904,,,0,1205330000129305549,308
9011020010100000,3,205330000130291114,,,0,1205330000129305585,310
9011020010100000,2,205330000130291849,,,0,1205330000129305585,40
9011020010100000,2,205330000130292472,,,0,1205330000129305549,12
9011020010100000,2,205330000130292787,,,0,1205330000129305549,18
9011020010100000,2,205330000135832821,,,0,1205330000129305549,30
9011020010100000,2,205330000135832927,,,0,1205330000129305549,32
9011020010100000,2,205330000135832715,,,0,1205330000129305549,26
9011020010100000,1,205330000130290274,,,0,1205330000129305585,202
9011020010100000,1,205330000130290484,,,0,1205330000129305585,212
9011020010100000,1,205330000130290589,,,0,1205330000129305585,214
9011020010100000,3,205330000130290799,,,0,1205330000129305549,306
9011020010100000,3,205330000130291219,,,0,1205330000129305585,312
9011020010100000,2,205330000130291744,,,0,1205330000129305585,38
9011020010100000,2,205330000130291954,,,0,1205330000129305585,42
9011020010100000,2,205330000130292052,,,0,1205330000130287005,6
9011020010100000,2,205330000130292157,,,0,1205330000129305549,4
9011020010100000,2,205330000130292577,,,0,1205330000129305549,14
9011020010100000,2,205330000130292682,,,0,1205330000129305549,16
9011020010100000,2,205330000130292892,,,0,1205330000129305549,20
9011020010100000,2,205330000136096029,,,0,1205330000130287005,24
9011020010100000,2,205330000136096128,,,0,1205330000130287005,28
9011020010100000,2,205330000136096227,,,0,1205330000129407902,2
9011020012100000,2,205330000135836199,,,1,1205330000135835289,11
9011020012100000,2,205330000135837747,,,1,1205330000135390663,3
9011020012100000,2,205330000135837911,,,1,1205330000135390603,27
9011020012100000,1,205330000135835979,,,1,1205330000135390359,205
9011020012100000,2,205330000135836383,,,1,1205330000135835352,23
9011020012100000,2,205330000135836725,,,1,1205330000135835465,19
9011020012100000,2,205330000135837442,,,1,1205330000135390603,5
9011020012100000,2,205330000135836909,,,1,1205330000135390481,17
9011020012100000,2,205330000135837088,,,1,1205330000135835534,9
9011020012100000,2,205330000135837266,,,1,1205330000135835596,7
9011020012100000,1,205330000135838088,,,1,1205330000135390603,201
9011020012100000,3,205330000135838267,,,1,1205330000135390603,305
9011020012100000,1,205330000135838444,,,1,1205330000135390603,803
9011020012100000,2,205330000135836131,,,1,1205330000135835255,29
9011020012100000,4,205330000135836548,,,1,1205330000135835419,21
9011020012100000,2,205330000135837600,,,1,1205330000135390663,1
9011020012100000,2,205330000136096583,,,1,1205330000135390481,13
9011020012100000,2,205330000136096939,,,1,1205330000135390359,31
9011020012100000,2,205330000136097116,,,1,1205330000135390603,25
9011020012100000,3,205330100135838444,,,1,1205330000135390603,903
9011020012100000,2,205330000136096762,,,1,1205330000135390481,15
9011020012100000,3,205330100135838088,,,1,1205330000135390603,301
9011020012100000,3,205330100135835979,,,1,1205330000135390359,307
9011020012100000,2,205330000135839179,,,0,1205330000135390706,22
9011020012100000,2,205330000135840278,,,0,1205330000135390706,26
9011020012100000,9,205330000135839360,,,0,1205330000135390706,110
9011020012100000,2,205330000135839543,,,0,1205330000135391054,12
9011020012100000,3,205330000135840094,,,0,1205330000135390873,306
9011020012100000,2,205330000135840460,,,0,1205330000135390706,28
9011020012100000,2,205330000135840988,,,0,1205330000135835851,18
9011020012100000,2,205330000135838628,,,0,1205330000135835657,6
9011020012100000,2,205330000135838813,,,0,1205330000135835722,8
9011020012100000,4,205330000135838995,,,0,1205330000135390706,10
9011020012100000,2,205330000135839910,,,0,1205330000135390873,30
9011020012100000,4,205330000135840803,,,0,1205330000135835813,24
9011020012100000,2,205330000135841171,,,0,1205330000135835851,14
9011020012100000,1,205330000135839725,,,0,1205330000135390706,802
9011020012100000,1,205330000135840643,,,0,1205330000135390706,204
9011020012100000,2,205330000136097850,,,0,1205330000136096462,2
9011020012100000,2,205330000136097296,,,0,1205330000136096398,4
9011020012100000,2,205330000136097481,,,0,1205330000135835851,16
9011020012100000,2,205330000136097662,,,0,1205330000135390706,20
9011020012100000,3,205330100135839725,,,0,1205330000135390706,902
9011020012100000,1,205330100135839910,,,0,1205330000135390873,206
9011020012100000,3,205330100135840643,,,0,1205330000135390706,304
9011020012100000,3,205330200135839910,,,0,1205330000135390873,308
9011020013100000,2,205330000135842420,,,1,1205330000104605606,17
9011020013100000,2,205330000135841334,,,1,1205330000104605606,21
9011020013100000,2,205330000135841645,,,1,1205330000104605606,1
9011020013100000,2,205330000135841800,,,1,1205330000104605606,7
9011020013100000,2,205330000135842265,,,1,1205330000104605606,13
9011020013100000,2,205330000135841490,,,1,1205330000104605606,3
9011020013100000,2,205330000135841955,,,1,1205330000104605606,9
9011020013100000,2,205330000135842110,,,1,1205330000104605606,11
9011020013100000,2,205330000136099021,,,1,1205330000104605606,19
9011020013100000,2,205330000136098711,,,1,1205330000104605606,5
9011020013100000,2,205330000136098866,,,1,1205330000104605606,15
9011020013100000,2,205330000135842718,,,0,1205330000129846076,6
9011020013100000,2,205330000135843004,,,0,1205330000129846076,10
9011020013100000,2,205330000135843576,,,0,1205330000129846076,22
9011020013100000,2,205330000135842575,,,0,1205330000129846076,4
9011020013100000,2,205330000135842861,,,0,1205330000129846076,8
9011020013100000,2,205330000135843147,,,0,1205330000129846076,12
9011020013100000,2,205330000135843433,,,0,1205330000129846076,20
9011020013100000,2,205330000135843290,,,0,1205330000129846076,16
9011020013100000,2,205330000136099176,,,0,1205330000129846076,14
9011020013100000,2,205330000136099462,,,0,1205330000129846076,2
9011020013100000,2,205330000136099319,,,0,1205330000129846076,18
9011020013300000,1,205330000130306103,,,1,1205330000096662805,207
9011020013300000,1,205330000130306125,,,1,1205330000096662805,209
9011020013300000,2,205330000132001508,,,1,1205330000126147849,13
9011020013300000,2,205330000135846113,,,1,1205330000135845267,715
9011020013300000,2,205330000131185122,,,1,1205330000125869517,11
9011020013300000,3,205330000135845738,,,1,1205330000096662805,311
9011020013300000,4,205330000135845864,,,1,1205330000126147679,5
9011020013300000,3,205330000135845558,,,1,1205330000126147454,905
9011020013300000,1,205330000135845663,,,1,1205330000135845267,801
9011020013300000,2,205330000135845782,,,1,1205330000126147571,103
9011020013300000,2,205330000135845937,,,1,1205330000126147719,7
9011020013300000,2,205330000135846012,,,1,1205330000126147751,9
9011020013300000,3,205330100135845663,,,1,1205330000135845267,911
9011020013300000,3,205330100130306125,,,1,1205330000096662805,309
9011020013300000,2,205330000129771297,,,0,1205330000126148352,12
9011020013300000,2,205330000129771374,,,0,1205330000126148380,14
9011020013300000,4,205330000131185355,,,0,1205330000126147928,104
9011020013300000,2,205330000135846205,,,0,1205330000135845360,702
9011020013300000,2,205330000135846310,,,0,1205330000135845404,706
9011020013300000,1,205330000135846616,,,0,1205330000135845459,802
9011020013300000,2,205330000129771218,,,0,1205330000128398019,108
9011020013300000,2,205330000135846412,,,0,1205330000135845459,710
9011020013300000,3,205330000135846513,,,0,1205330000135845459,906
9011020013300000,3,205330100135846616,,,0,1205330000135845459,904
9011020014100000,3,205330000136313409,,,1,1205330000135846731,301
9011020014100000,1,205330000136313515,,,1,1205330000135846779,205
9011020014100000,2,205330000136315157,,,1,1205330000135846731,41
9011020014100000,2,205330000136312628,,,1,1205330000135846683,11
9011020014100000,2,205330000136312740,,,1,1205330000135846683,25
9011020014100000,2,205330000136312852,,,1,1205330000135846683,29
9011020014100000,2,205330000136313714,,,1,1205330000135846832,9
9011020014100000,2,205330000136313825,,,1,1205330000135846832,13
9011020014100000,2,205330000136314602,,,1,1205330000135846731,21
9011020014100000,2,205330000136315046,,,1,1205330000135846731,39
9011020014100000,2,205330000136315379,,,1,1205330000135846731,45
9011020014100000,2,205330000136312964,,,1,1205330000135846683,33
9011020014100000,1,205330000136313076,,,1,1205330000135846731,201
9011020014100000,1,205330000136313187,,,1,1205330000135846731,203
9011020014100000,2,205330000136313936,,,1,1205330000135846832,23
9011020014100000,2,205330000136314047,,,1,1205330000135846832,27
9011020014100000,2,205330000136314269,,,1,1205330000135846731,15
9011020014100000,2,205330000136314380,,,1,1205330000135846731,17
9011020014100000,2,205330000136314935,,,1,1205330000135846731,37
9011020014100000,2,205330000136315490,,,1,1205330000135846731,47
9011020014100000,2,205330000136315806,,,1,1205330000135846832,3
9011020014100000,1,205330000136313298,,,1,1205330000135846731,207
9011020014100000,1,205330000136313609,,,1,1205330000135846779,209
9011020014100000,2,205330000136314158,,,1,1205330000135846731,7
9011020014100000,2,205330000136314491,,,1,1205330000135846731,19
9011020014100000,2,205330000136314713,,,1,1205330000135846731,31
9011020014100000,2,205330000136314824,,,1,1205330000135846731,35
9011020014100000,2,205330000136315268,,,1,1205330000135846731,43
9011020014100000,3,205330000136315592,,,1,1205330000135846880,305
9011020014100000,2,205330000136315695,,,1,1205330000135846832,5
9011020014100000,3,205330100136313187,,,1,1205330000135846731,303
9011020014100000,3,205330100136313298,,,1,1205330000135846731,307
9011020014100000,3,205330100136313609,,,1,1205330000135846779,309
9011020014100000,2,205330000135850650,,,0,1205330000126154495,14
9011020014100000,2,205330000135851426,,,0,1205330000126154495,36
9011020014100000,2,205330000135851618,,,0,1205330000126154495,40
9011020014100000,2,205330000135851906,,,0,1205330000126154495,48
9011020014100000,2,205330000135852100,,,0,1205330000126154495,52
9011020014100000,1,205330000135852197,,,0,1205330000126154495,202
9011020014100000,1,205330000135852391,,,0,1205330000126154495,206
9011020014100000,1,205330000135852490,,,0,1205330000126154495,210
9011020014100000,2,205330000135852692,,,0,1205330000126154594,8
9011020014100000,2,205330000135850262,,,0,1205330000126154495,4
9011020014100000,2,205330000135850359,,,0,1205330000126154495,6
9011020014100000,2,205330000135850456,,,0,1205330000126154495,10
9011020014100000,2,205330000135850747,,,0,1205330000126154495,16
9011020014100000,2,205330000135850941,,,0,1205330000126154495,20
9011020014100000,2,205330000135851135,,,0,1205330000126154495,26
9011020014100000,2,205330000135851329,,,0,1205330000126154495,34
9011020014100000,2,205330000135851522,,,0,1205330000126154495,38
9011020014100000,2,205330000135852886,,,0,1205330000126154594,32
9011020014100000,2,205330000135851714,,,0,1205330000126154495,42
9011020014100000,2,205330000135850553,,,0,1205330000126154495,12
9011020014100000,2,205330000135850844,,,0,1205330000126154495,18
9011020014100000,2,205330000135851038,,,0,1205330000126154495,22
9011020014100000,2,205330000135851232,,,0,1205330000126154495,30
9011020014100000,2,205330000135851810,,,0,1205330000126154495,46
9011020014100000,2,205330000135852003,,,0,1205330000126154495,50
9011020014100000,1,205330000135852294,,,0,1205330000126154495,204
9011020014100000,3,205330000135852587,,,0,1205330000126154495,302
9011020014100000,2,205330000135852789,,,0,1205330000126154594,28
9011020014100000,3,205330100135852490,,,0,1205330000126154495,310
9011020014100000,1,205330100135851906,,,0,1205330000126154495,208
9011020014100000,3,205330100135852294,,,0,1205330000126154495,304
9011020014100000,3,205330100135852391,,,0,1205330000126154495,306
9011020014100000,3,205330200135851906,,,0,1205330000126154495,308
9011020015100000,2,205330000126398537,,,1,1205330000115432640,11
9011020015100000,2,205330000126398566,,,1,1205330000115432640,13
9011020015100000,2,205330000126398595,,,1,1205330000115432640,15
9011020015100000,2,205330000126398711,,,1,1205330000115432640,21
9011020015100000,2,205330000126398740,,,1,1205330000115432640,23
9011020015100000,2,205330000126398827,,,1,1205330000115432640,29
9011020015100000,2,205330000126398885,,,1,1205330000115432640,33
9011020015100000,2,205330000126399001,,,1,1205330000115432640,41
9011020015100000,2,205330000126399117,,,1,1205330000115432640,61
9011020015100000,2,205330000126399262,,,1,1205330000115432640,71
9011020015100000,1,205330000126399320,,,1,1205330000115432640,203
9011020015100000,1,205330000126399438,,,1,1205330000115432640,215
9011020015100000,2,205330000126398421,,,1,1205330000115432640,55
9011020015100000,2,205330000126398624,,,1,1205330000115432640,17
9011020015100000,2,205330000126398682,,,1,1205330000115432640,5
9011020015100000,2,205330000126398943,,,1,1205330000115432640,37
9011020015100000,2,205330000126399088,,,1,1205330000115432640,59
9011020015100000,1,205330000126399349,,,1,1205330000115432640,205
9011020015100000,1,205330000126398218,,,1,1205330000115432640,213
9011020015100000,2,205330000126398305,,,1,1205330000115432640,47
9011020015100000,2,205330000126398334,,,1,1205330000115432640,49
9011020015100000,2,205330000126398450,,,1,1205330000115432640,57
9011020015100000,2,205330000126398479,,,1,1205330000115432640,7
9011020015100000,2,205330000126398653,,,1,1205330000115432640,19
9011020015100000,2,205330000126398769,,,1,1205330000115432640,25
9011020015100000,2,205330000126398856,,,1,1205330000115432640,31
9011020015100000,2,205330000126398972,,,1,1205330000115432640,39
9011020015100000,2,205330000126399059,,,1,1205330000115432640,45
9011020015100000,2,205330000126399175,,,1,1205330000115432640,65
9011020015100000,2,205330000126399233,,,1,1205330000115432640,69
9011020015100000,1,205330000126399291,,,1,1205330000115432640,201
9011020015100000,1,205330000126399378,,,1,1205330000115432640,207
9011020015100000,1,205330000126399407,,,1,1205330000115432640,209
9011020015100000,3,205330000126399483,,,1,1205330000115432640,313
9011020015100000,2,205330000131777293,,,1,1205330000115432640,3
9011020015100000,2,205330000126398798,,,1,1205330000115432640,27
9011020015100000,2,205330000126398914,,,1,1205330000115432640,35
9011020015100000,2,205330000126399030,,,1,1205330000115432640,43
9011020015100000,2,205330000126399146,,,1,1205330000115432640,63
9011020015100000,2,205330000126399204,,,1,1205330000115432640,67
9011020015100000,2,205330000131777264,,,1,1205330000115432640,1
9011020015100000,2,205330000136100281,,,1,1205330000115432640,9
9011020015100000,2,205330000136100247,,,1,1205330000115432640,53
9011020015100000,3,205330100126399320,,,1,1205330000115432640,303
9011020015100000,1,205330100126399088,,,1,1205330000115432640,217
9011020015100000,1,205330100126399146,,,1,1205330000115432640,219
9011020015100000,3,205330100126399291,,,1,1205330000115432640,301
9011020015100000,3,205330100126399349,,,1,1205330000115432640,305
9011020015100000,3,205330100126399438,,,1,1205330000115432640,315
9011020015100000,2,205330000136100217,,,1,1205330000115432640,51
9011020015100000,1,205330100126399001,,,1,1205330000115432640,211
9011020015100000,3,205330100126399378,,,1,1205330000115432640,307
9011020015100000,3,205330100126399407,,,1,1205330000115432640,309
9011020015100000,3,205330200126399146,,,1,1205330000115432640,319
9011020015100000,3,205330200126399001,,,1,1205330000115432640,311
9011020015100000,3,205330200126399088,,,1,1205330000115432640,317
9011020015100000,2,205330000131777406,,,0,1205330000109521224,4
9011020015100000,2,205330000131777466,,,0,1205330000109521224,8
9011020015100000,2,205330000131777526,,,0,1205330000109521224,12
9011020015100000,2,205330000131777646,,,0,1205330000109521224,20
9011020015100000,2,205330000131778006,,,0,1205330000109521224,64
9011020015100000,2,205330000131778036,,,0,1205330000109521224,66
9011020015100000,2,205330000131778096,,,0,1205330000109521224,70
9011020015100000,2,205330000131778630,,,0,1205330000109521224,54
9011020015100000,2,205330000131778690,,,0,1205330000109521224,58
9011020015100000,2,205330000131777376,,,0,1205330000109521224,2
9011020015100000,2,205330000131777436,,,0,1205330000109521224,6
9011020015100000,2,205330000131777556,,,0,1205330000109521224,14
9011020015100000,2,205330000131777736,,,0,1205330000109521224,26
9011020015100000,2,205330000131777796,,,0,1205330000109521224,30
9011020015100000,2,205330000131777856,,,0,1205330000109521224,34
9011020015100000,2,205330000131777886,,,0,1205330000109521224,36
9011020015100000,2,205330000131777976,,,0,1205330000109521224,62
9011020015100000,2,205330000131778066,,,0,1205330000109521224,68
9011020015100000,1,205330000131778156,,,0,1205330000109521224,202
9011020015100000,1,205330000131778366,,,0,1205330000109521224,216
9011020015100000,2,205330000131778570,,,0,1205330000109521224,50
9011020015100000,2,205330000131778660,,,0,1205330000109521224,56
9011020015100000,2,205330000131777616,,,0,1205330000109521224,18
9011020015100000,2,205330000131777676,,,0,1205330000109521224,22
9011020015100000,2,205330000131777766,,,0,1205330000109521224,28
9011020015100000,2,205330000131777946,,,0,1205330000109521224,60
9011020015100000,1,205330000131778246,,,0,1205330000109521224,208
9011020015100000,1,205330000131778336,,,0,1205330000109521224,214
9011020015100000,2,205330000131778600,,,0,1205330000109521224,52
9011020015100000,2,205330000131777586,,,0,1205330000109521224,16
9011020015100000,2,205330000131777706,,,0,1205330000109521224,24
9011020015100000,2,205330000131777826,,,0,1205330000109521224,32
9011020015100000,2,205330000131777916,,,0,1205330000109521224,38
9011020015100000,2,205330000131778126,,,0,1205330000109521224,72
9011020015100000,1,205330000131778186,,,0,1205330000109521224,204
9011020015100000,1,205330000131778216,,,0,1205330000109521224,206
9011020015100000,1,205330000131778276,,,0,1205330000109521224,210
9011020015100000,1,205330000131778306,,,0,1205330000109521224,212
9011020015100000,2,205330000136100441,,,0,1205330000109521224,40
9011020015100000,2,205330000136100534,,,0,1205330000109521224,46
9011020015100000,2,205330000136100565,,,0,1205330000109521224,48
9011020015100000,3,205330100131778156,,,0,1205330000109521224,302
9011020015100000,3,205330100131778216,,,0,1205330000109521224,306
9011020015100000,3,205330100131778246,,,0,1205330000109521224,308
9011020015100000,1,205330100131777946,,,0,1205330000109521224,218
9011020015100000,3,205330100131778276,,,0,1205330000109521224,310
9011020015100000,3,205330100131778336,,,0,1205330000109521224,314
9011020015100000,3,205330100131778366,,,0,1205330000109521224,316
9011020015100000,2,205330000136100396,,,0,1205330000109521224,10
9011020015100000,2,205330000136100472,,,0,1205330000109521224,42
9011020015100000,2,205330000136100503,,,0,1205330000109521224,44
9011020015100000,3,205330100131778306,,,0,1205330000109521224,312
9011020015100000,1,205330100131778006,,,0,1205330000109521224,220
9011020015100000,3,205330100131778186,,,0,1205330000109521224,304
9011020015100000,3,205330200131777946,,,0,1205330000109521224,318
9011020015100000,3,205330200131778006,,,0,1205330000109521224,320
9011020015200000,2,205330000132208140,,,1,1205330000126400839,27
9011020015200000,2,205330000132208218,,,1,1205330000126400839,31
9011020015200000,2,205330000132208257,,,1,1205330000126400839,33
9011020015200000,2,205330000132208452,,,1,1205330000126400839,63
9011020015200000,2,205330000132208491,,,1,1205330000126400839,65
9011020015200000,1,205330000132208530,,,1,1205330000126400839,229
9011020015200000,1,205330000132208569,,,1,1205330000126400839,231
9011020015200000,1,205330000132208842,,,1,1205330000126400839,209
9011020015200000,1,205330000132208998,,,1,1205330000126400839,217
9011020015200000,2,205330000132209352,,,1,1205330000126400839,17
9011020015200000,2,205330000132209391,,,1,1205330000126400839,19
9011020015200000,2,205330000132209508,,,1,1205330000126400839,41
9011020015200000,2,205330000132209586,,,1,1205330000126400839,45
9011020015200000,2,205330000132209625,,,1,1205330000126400839,49
9011020015200000,2,205330000132209859,,,1,1205330000126400839,159
9011020015200000,2,205330000132208101,,,1,1205330000126400839,23
9011020015200000,2,205330000132208179,,,1,1205330000126400839,29
9011020015200000,2,205330000132208335,,,1,1205330000126400839,37
9011020015200000,2,205330000132208413,,,1,1205330000126400839,61
9011020015200000,1,205330000132208725,,,1,1205330000126400839,203
9011020015200000,1,205330000132209076,,,1,1205330000126400839,221
9011020015200000,1,205330000132209115,,,1,1205330000126400839,223
9011020015200000,2,205330000132209703,,,1,1205330000126400839,55
9011020015200000,2,205330000132209742,,,1,1205330000126400839,57
9011020015200000,2,205330000132207984,,,1,1205330000126400839,1
9011020015200000,2,205330000132208023,,,1,1205330000126400839,3
9011020015200000,2,205330000132208062,,,1,1205330000126400839,5
9011020015200000,2,205330000132208374,,,1,1205330000126400839,39
9011020015200000,1,205330000132208608,,,1,1205330000126400839,233
9011020015200000,2,205330000132208686,,,1,1205330000126400839,125
9011020015200000,1,205330000132208803,,,1,1205330000126400839,207
9011020015200000,1,205330000132209037,,,1,1205330000126400839,219
9011020015200000,2,205330000132209469,,,1,1205330000126400839,115
9011020015200000,2,205330000132209547,,,1,1205330000126400839,43
9011020015200000,2,205330000132209781,,,1,1205330000126400839,147
9011020015200000,2,205330000132208296,,,1,1205330000126400839,35
9011020015200000,1,205330000132208764,,,1,1205330000126400839,205
9011020015200000,1,205330000132208881,,,1,1205330000126400839,211
9011020015200000,1,205330000132208920,,,1,1205330000126400839,213
9011020015200000,1,205330000132208959,,,1,1205330000126400839,215
9011020015200000,2,205330000132209196,,,1,1205330000126400839,7
9011020015200000,2,205330000132209430,,,1,1205330000126400839,21
9011020015200000,2,205330000132209664,,,1,1205330000126400839,51
9011020015200000,2,205330000132209820,,,1,1205330000126400839,153
9011020015200000,3,205330000132209898,,,1,1205330000126400839,333
9011020015200000,1,205330000136100798,,,1,1205330000126400839,235
9011020015200000,2,205330000136100898,,,1,1205330000126400839,11
9011020015200000,2,205330000136100701,,,1,1205330000126400839,71
9011020015200000,2,205330000136100621,,,1,1205330000126400839,67
9011020015200000,2,205330000136100661,,,1,1205330000126400839,69
9011020015200000,2,205330000136100741,,,1,1205330000126400839,73
9011020015200000,2,205330000136100858,,,1,1205330000126400839,9
9011020015200000,2,205330000136100938,,,1,1205330000126400839,13
9011020015200000,3,205330000136100988,,,1,1205330000126400839,335
9011020015200000,3,205330100132208764,,,1,1205330000126400839,305
9011020015200000,3,205330100132208842,,,1,1205330000126400839,309
9011020015200000,3,205330100132208881,,,1,1205330000126400839,311
9011020015200000,3,205330100132209076,,,1,1205330000126400839,321
9011020015200000,1,205330100132208491,,,1,1205330000126400839,227
9011020015200000,3,205330100132208569,,,1,1205330000126400839,331
9011020015200000,3,205330100132208803,,,1,1205330000126400839,307
9011020015200000,3,205330100132208920,,,1,1205330000126400839,313
9011020015200000,3,205330100132208725,,,1,1205330000126400839,303
9011020015200000,3,205330100132208959,,,1,1205330000126400839,315
9011020015200000,3,205330100132208998,,,1,1205330000126400839,317
9011020015200000,1,205330100132208452,,,1,1205330000126400839,225
9011020015200000,3,205330100132208530,,,1,1205330000126400839,329
9011020015200000,3,205330100132209037,,,1,1205330000126400839,319
9011020015200000,3,205330100132209115,,,1,1205330000126400839,323
9011020015200000,3,205330200132208452,,,1,1205330000126400839,325
9011020015200000,3,205330200132208491,,,1,1205330000126400839,327
9011020015200000,2,205330000132210005,,,0,1205330000121954980,40
9011020015200000,2,205330000132210041,,,0,1205330000121954980,42
9011020015200000,2,205330000132210149,,,0,1205330000121954980,48
9011020015200000,2,205330000132210257,,,0,1205330000121954980,54
9011020015200000,2,205330000132210689,,,0,1205330000121954980,22
9011020015200000,2,205330000132210833,,,0,1205330000121954980,26
9011020015200000,2,205330000132211085,,,0,1205330000121954980,62
9011020015200000,2,205330000132211121,,,0,1205330000121954980,64
9011020015200000,2,205330000132211157,,,0,1205330000121954980,66
9011020015200000,1,205330000132211517,,,0,1205330000121954980,212
9011020015200000,1,205330000132211805,,,0,1205330000121954980,228
9011020015200000,1,205330000132211877,,,0,1205330000121954980,232
9011020015200000,1,205330000132211913,,,0,1205330000121954980,234
9011020015200000,3,205330000132211993,,,0,1205330000121954980,310
9011020015200000,3,205330000132212065,,,0,1205330000121954980,314
9011020015200000,3,205330000132212101,,,0,1205330000121954980,316
9011020015200000,3,205330000132212137,,,0,1205330000121954980,318
9011020015200000,3,205330000132212245,,,0,1205330000121954980,324
9011020015200000,3,205330000132212281,,,0,1205330000121954980,326
9011020015200000,3,205330000132212461,,,0,1205330000121954980,336
9011020015200000,2,205330000132210077,,,0,1205330000121954980,44
9011020015200000,2,205330000132210185,,,0,1205330000121954980,50
9011020015200000,2,205330000132210221,,,0,1205330000121954980,52
9011020015200000,2,205330000132210509,,,0,1205330000121954980,12
9011020015200000,2,205330000132210545,,,0,1205330000121954980,14
9011020015200000,2,205330000132210761,,,0,1205330000121954980,4
9011020015200000,2,205330000132210797,,,0,1205330000121954980,24
9011020015200000,1,205330000132211409,,,0,1205330000121954980,206
9011020015200000,1,205330000132211589,,,0,1205330000121954980,216
9011020015200000,1,205330000132211733,,,0,1205330000121954980,224
9011020015200000,1,205330000132211949,,,0,1205330000121954980,236
9011020015200000,2,205330000132210329,,,0,1205330000121954980,58
9011020015200000,2,205330000132210617,,,0,1205330000121954980,18
9011020015200000,2,205330000132210653,,,0,1205330000121954980,20
9011020015200000,1,205330000132211661,,,0,1205330000121954980,220
9011020015200000,1,205330000132211697,,,0,1205330000121954980,222
9011020015200000,1,205330000132211841,,,0,1205330000121954980,230
9011020015200000,3,205330000132212029,,,0,1205330000121954980,312
9011020015200000,3,205330000132212173,,,0,1205330000121954980,320
9011020015200000,3,205330000132212317,,,0,1205330000121954980,328
9011020015200000,3,205330000132212353,,,0,1205330000121954980,330
9011020015200000,3,205330000132212389,,,0,1205330000121954980,332
9011020015200000,2,205330000132210113,,,0,1205330000121954980,46
9011020015200000,2,205330000132210293,,,0,1205330000121954980,56
9011020015200000,2,205330000132210365,,,0,1205330000121954980,60
9011020015200000,2,205330000132210581,,,0,1205330000121954980,16
9011020015200000,2,205330000132210725,,,0,1205330000121954980,2
9011020015200000,2,205330000132211193,,,0,1205330000121954980,68
9011020015200000,1,205330000132211373,,,0,1205330000121954980,204
9011020015200000,1,205330000132211445,,,0,1205330000121954980,208
9011020015200000,1,205330000132211481,,,0,1205330000121954980,210
9011020015200000,1,205330000132211553,,,0,1205330000121954980,214
9011020015200000,1,205330000132211625,,,0,1205330000121954980,218
9011020015200000,1,205330000132211769,,,0,1205330000121954980,226
9011020015200000,3,205330000132212209,,,0,1205330000121954980,322
9011020015200000,3,205330000132212425,,,0,1205330000121954980,334
9011020015200000,2,205330000136101123,,,0,1205330000121954980,72
9011020015200000,2,205330000136101234,,,0,1205330000121954980,10
9011020015200000,2,205330000136101277,,,0,1205330000121954980,28
9011020015200000,2,205330000136101314,,,0,1205330000121954980,30
9011020015200000,2,205330000136101388,,,0,1205330000121954980,34
9011020015200000,1,205330000136101510,,,0,1205330000121954980,202
9011020015200000,2,205330000136101086,,,0,1205330000121954980,70
9011020015200000,2,205330000136101197,,,0,1205330000121954980,8
9011020015200000,2,205330000136101043,,,0,1205330000121954980,6
9011020015200000,2,205330000136101462,,,0,1205330000121954980,38
9011020015200000,3,205330100132211409,,,0,1205330000121954980,306
9011020015200000,2,205330000136101160,,,0,1205330000121954980,74
9011020015200000,2,205330000136101351,,,0,1205330000121954980,32
9011020015200000,2,205330000136101425,,,0,1205330000121954980,36
9011020015200000,3,205330100132211373,,,0,1205330000121954980,304
9011020015200000,3,205330100132211445,,,0,1205330000121954980,308
9011020015200000,3,205330100136101510,,,0,1205330000121954980,302
9011020015300000,7,205330000132214103,,,1,1205330000109528630,59
9011020015300000,2,205330000133244337,,,1,1205330000121958979,13
9011020015300000,2,205330000133248285,,,1,1205330000121958979,3
9011020015300000,2,205330000133244525,,,1,1205330000121958979,35
9011020015300000,2,205330000133244901,,,1,1205330000121958979,39
9011020015300000,2,205330000133248661,,,1,1205330000121958979,7
9011020015300000,2,205330000133508682,,,1,1205330000121958979,17
9011020015300000,2,205330000133245089,,,1,1205330000121958979,41
9011020015300000,2,205330000133248097,,,1,1205330000121958979,1
9011020015300000,7,205330000132214088,,,1,1205330000109528630,57
9011020015300000,2,205330000133244713,,,1,1205330000121958979,37
9011020015300000,2,205330000133248473,,,1,1205330000121958979,5
9011020015300000,2,205330000136102399,,,1,1205330000121958979,19
9011020015300000,2,205330000136102588,,,1,1205330000121958979,21
9011020015300000,2,205330000136102777,,,1,1205330000121958979,23
9011020015300000,2,205330000136103722,,,1,1205330000121958979,33
9011020015300000,2,205330000136104311,,,1,1205330000121958979,47
9011020015300000,2,205330000136101831,,,1,1205330000121958979,9
9011020015300000,2,205330000136102020,,,1,1205330000121958979,11
9011020015300000,2,205330000136102966,,,1,1205330000121958979,25
9011020015300000,2,205330000136103533,,,1,1205330000121958979,31
9011020015300000,2,205330000136104122,,,1,1205330000121958979,45
9011020015300000,2,205330000136102209,,,1,1205330000121958979,15
9011020015300000,2,205330000136103155,,,1,1205330000121958979,27
9011020015300000,2,205330000136103344,,,1,1205330000121958979,29
9011020015300000,7,205330000136103904,,,1,1205330000109528608,61
9011020015300000,2,205330000136104689,,,1,1205330000121958979,149
9011020015300000,8,205330100132214103,,,1,1205330000109528630,203
9011020015300000,2,205330000136103933,,,1,1205330000121958979,43
9011020015300000,2,205330000136104500,,,1,1205330000121958979,51
9011020015300000,8,205330100132214088,,,1,1205330000109528630,201
9011020015300000,8,205330100136103904,,,1,1205330000109528608,205
9011020015300000,7,205330000132214183,,,0,1205330000109528691,160
9011020015300000,2,205330000133249616,,,0,1205330000121959030,42
9011020015300000,2,205330000133249240,,,0,1205330000121959030,38
9011020015300000,2,205330000136105090,,,0,1205330000121959030,48
9011020015300000,2,205330000136105657,,,0,1205330000121959030,54
9011020015300000,2,205330000136105846,,,0,1205330000121959030,156
9011020015300000,2,205330000136107359,,,0,1205330000121959030,30
9011020015300000,2,205330000136107737,,,0,1205330000121959030,34
9011020015300000,2,205330000136108493,,,0,1205330000121959030,10
9011020015300000,2,205330000136108871,,,0,1205330000121959030,14
9011020015300000,7,205330000136104866,,,0,1205330000109528691,158
9011020015300000,2,205330000136104901,,,0,1205330000121959030,46
9011020015300000,2,205330000136107170,,,0,1205330000121959030,28
9011020015300000,2,205330000136108115,,,0,1205330000121959030,6
9011020015300000,2,205330000136108682,,,0,1205330000121959030,12
9011020015300000,2,205330000136109060,,,0,1205330000121959030,16
9011020015300000,2,205330000136105279,,,0,1205330000121959030,50
9011020015300000,2,205330000136105468,,,0,1205330000121959030,52
9011020015300000,2,205330000136106035,,,0,1205330000121959030,40
9011020015300000,2,205330000136106225,,,0,1205330000121959030,18
9011020015300000,2,205330000136106414,,,0,1205330000121959030,20
9011020015300000,2,205330000136106603,,,0,1205330000121959030,22
9011020015300000,2,205330000136106792,,,0,1205330000121959030,24
9011020015300000,2,205330000136106981,,,0,1205330000121959030,26
9011020015300000,2,205330000136107548,,,0,1205330000121959030,32
9011020015300000,2,205330000136107926,,,0,1205330000121959030,36
9011020015300000,2,205330000136108304,,,0,1205330000121959030,8
9011020015300000,8,205330100132214183,,,0,1205330000109528691,204
9011020015300000,8,205330100136104866,,,0,1205330000109528691,202
9011020015400000,1,205330000131928851,,,1,1205330000112586457,213
9011020015400000,11,205330000132838167,,,1,1205330000112586240,31
9011020015400000,4,205330000132910619,,,1,1205330000112586389,17
9011020015400000,4,205330000132910721,,,1,1205330000112586389,21
9011020015400000,2,205330000135853548,,,1,1205330000135853389,23
9011020015400000,2,205330000136109856,,,1,1205330000135853389,7
9011020015400000,2,205330000136109973,,,1,1205330000135853389,11
9011020015400000,2,205330000136110206,,,1,1205330000136109288,9
9011020015400000,2,205330000136110563,,,1,1205330000135853389,27
9011020015400000,1,205330000136110794,,,1,1205330000136109288,205
9011020015400000,1,205330000136111024,,,1,1205330000136109288,209
9011020015400000,2,205330000136109623,,,1,1205330000136109231,3
9011020015400000,2,205330000136110329,,,1,1205330000135853389,19
9011020015400000,2,205330000136110679,,,1,1205330000136109288,29
9011020015400000,2,205330000136109740,,,1,1205330000135853389,5
9011020015400000,2,205330000136110090,,,1,1205330000135853389,15
9011020015400000,2,205330000136110446,,,1,1205330000135853389,25
9011020015400000,1,205330000136110909,,,1,1205330000136109288,207
9011020015400000,3,205330100136110794,,,1,1205330000136109288,305
9011020015400000,3,205330100136111024,,,1,1205330000136109288,309
9011020015400000,3,205330100136110909,,,1,1205330000136109288,307
9011020015400000,1,205330000114101555,,,0,1205330000112586659,214
9011020015400000,2,205330000135853666,,,0,1205330000135853444,18
9011020015400000,2,205330000136111150,,,0,1205330000136109342,8
9011020015400000,2,205330000136111495,,,0,1205330000136109342,4
9011020015400000,2,205330000136111610,,,0,1205330000136109342,26
9011020015400000,2,205330000136112068,,,0,1205330000136109461,28
9011020015400000,1,205330000136112181,,,0,1205330000136109461,206
9011020015400000,1,205330000136112411,,,0,1205330000136109461,208
9011020015400000,2,205330000136112528,,,0,1205330000136109520,2
9011020015400000,1,205330000136111378,,,0,1205330000136109402,212
9011020015400000,2,205330000136111725,,,0,1205330000136109342,6
9011020015400000,2,205330000136111954,,,0,1205330000136109342,22
9011020015400000,2,205330000136111265,,,0,1205330000136109342,12
9011020015400000,2,205330000136111839,,,0,1205330000136109342,16
9011020015400000,1,205330000136112294,,,0,1205330000136109461,210
9011020015400000,3,205330100136111378,,,0,1205330000136109402,312
9011020015400000,3,205330100136112294,,,0,1205330000136109461,310
9011020015400000,3,205330100136112181,,,0,1205330000136109461,306
9011020015400000,3,205330100136112411,,,0,1205330000136109461,308
9011020020000000,2,205330000130313289,,,1,1205330000103841460,25
9011020020000000,2,205330000130313549,,,1,1205330000103841460,41
9011020020000000,2,205330000130313586,,,1,1205330000103841460,43
9011020020000000,1,205330000130313625,,,1,1205330000103841460,205
9011020020000000,2,205330000130313030,,,1,1205330000103841460,5
9011020020000000,2,205330000130313067,,,1,1205330000103841460,7
9011020020000000,2,205330000130313141,,,1,1205330000103841460,13
9011020020000000,2,205330000130313215,,,1,1205330000103841460,17
9011020020000000,2,205330000130313437,,,1,1205330000103841460,35
9011020020000000,2,205330000130312993,,,1,1205330000103841460,1
9011020020000000,2,205330000130313178,,,1,1205330000103841460,15
9011020020000000,2,205330000130313252,,,1,1205330000103841460,21
9011020020000000,2,205330000130313326,,,1,1205330000103841460,29
9011020020000000,2,205330000130313474,,,1,1205330000103841460,37
9011020020000000,2,205330000131193428,,,1,1205330000104616961,23
9011020020000000,4,205330000131193389,,,1,1205330000112898997,9
9011020020000000,2,205330000131193465,,,1,1205330000104616961,27
9011020020000000,2,205330000130313104,,,1,1205330000103841460,11
9011020020000000,2,205330000130313363,,,1,1205330000103841460,31
9011020020000000,2,205330000130313400,,,1,1205330000103841460,33
9011020020000000,2,205330000130313512,,,1,1205330000103841460,39
9011020020000000,1,205330100130313252,,,1,1205330000103841460,203
9011020020000000,3,205330100130313625,,,1,1205330000103841460,305
9011020020000000,3,205330200130313252,,,1,1205330000103841460,303
9011020020000000,2,205330000131193761,,,0,1205330000103841506,20
9011020020000000,2,205330000131193872,,,0,1205330000103841506,26
9011020020000000,2,205330000131193946,,,0,1205330000103841506,30
9011020020000000,2,205330000131194094,,,0,1205330000103841506,40
9011020020000000,2,205330000131194174,,,0,1205330000104617007,6
9011020020000000,2,205330000131193502,,,0,1205330000103841506,2
9011020020000000,2,205330000131193539,,,0,1205330000103841506,4
9011020020000000,2,205330000131193613,,,0,1205330000103841506,10
9011020020000000,2,205330000131193650,,,0,1205330000103841506,12
9011020020000000,2,205330000131193909,,,0,1205330000103841506,28
9011020020000000,2,205330000131193576,,,0,1205330000103841506,8
9011020020000000,2,205330000131193687,,,0,1205330000103841506,16
9011020020000000,2,205330000131194057,,,0,1205330000103841506,38
9011020020000000,2,205330000131193724,,,0,1205330000103841506,18
9011020020000000,2,205330000131193798,,,0,1205330000103841506,22
9011020020000000,2,205330000131193835,,,0,1205330000103841506,24
9011020020000000,2,205330000131193983,,,0,1205330000103841506,32
9011020020000000,2,205330000131194020,,,0,1205330000103841506,36
9011020020000000,1,205330000131194133,,,0,1205330000103841506,206
9011020020000000,1,205330100131193687,,,0,1205330000103841506,204
9011020020000000,3,205330100131194133,,,0,1205330000103841506,306
9011020020000000,3,205330200131193687,,,0,1205330000103841506,304
9011020020100000,4,205330000130314676,,,1,1205330000101438898,1
9011020020100000,12,205330000131638051,,,1,1205330000131637925,5
9011020020100000,13,205330000131638125,,,1,1205330000131637925,7
9011020020100000,4,205330000131638201,,,1,1205330000131637969,3
9011020020100000,4,205330000130314912,,,0,1205330000126168389,2
9011020020100000,4,205330000135853891,,,0,1205330000122229098,4
9011020020100000,12,205330000135853937,,,0,1205330000135853797,106
9011020020100000,4,205330000130314824,,,0,1205330000101439002,10
9011020020100000,4,205330000131194532,,,0,1205330000122229098,8
9011020020100000,13,205330000135853954,,,0,1205330000135853797,110
9011020020100000,4,205330000135853850,,,0,1205330000101439002,6
9011020020200000,2,205330000130314959,,,1,1205330000103842903,13
9011020020200000,2,205330000130315064,,,1,1205330000103842951,5
9011020020200000,2,205330000130315038,,,1,1205330000103842903,7
9011020020200000,2,205330000130314998,,,1,1205330000103842903,9
9011020020200000,2,205330000130315090,,,1,1205330000103842951,11
9011020020200000,4,205330000131638361,,,1,1205330000115218031,1
9011020020200000,12,205330000131195740,,,0,1205330000101439746,8
9011020020200000,13,205330000131195859,,,0,1205330000102160459,110
9011020020200000,2,205330000131638455,,,0,1205330000104618686,12
9011020020200000,4,205330000131638512,,,0,1205330000104618727,10
9011020020200000,2,205330000131638644,,,0,1205330000103843041,4
9011020020200000,2,205330000131638423,,,0,1205330000104618632,14
9011020020200000,2,205330000131638570,,,0,1205330000104618727,6
9011020020200000,4,205330000131638610,,,0,1205330000104618786,2
9011020020300000,2,205330000131504419,,,1,1205330000101440387,13
9011020020300000,2,205330000131504548,,,1,1205330000101440451,3
9011020020300000,2,205330000131504155,,,1,1205330000101440387,11
9011020020300000,2,205330000131504243,,,1,1205330000101440387,7
9011020020300000,2,205330000131504331,,,1,1205330000101440387,9
9011020020300000,2,205330000131196979,,,0,1205330000101440521,6
9011020020300000,2,205330000131638715,,,0,1205330000101440521,2
9011020020300000,2,205330000131197252,,,0,1205330000101440585,12
9011020020300000,2,205330000135854066,,,0,1205330000101440585,10
9011020020300000,2,205330000131196894,,,0,1205330000101440521,4
9011020020300000,2,205330000131197070,,,0,1205330000101440585,8
9011020020400000,4,205330000131197347,,,1,1205330000102161906,5
9011020020400000,4,205330000135854232,,,1,1205330000102161906,9
9011020020400000,4,205330000135854174,,,1,1205330000135854104,11
9011020020400000,4,205330000131638862,,,1,1205330000115946151,13
9011020020400000,4,205330000135854205,,,1,1205330000102161906,7
9011020020400000,4,205330000130316721,,,0,1205330000102162053,2
9011020020400000,4,205330000135854294,,,0,1205330000135854125,6
9011020020400000,4,205330000130316663,,,0,1205330000130316502,8
9011020020400000,4,205330000135854263,,,0,1205330000135854125,4
9011020020500000,4,205330000122229657,,,1,1205330000101441827,1
9011020020500000,4,205330000131197475,,,0,1205330000101441852,4
9011020020500000,4,205330000131197457,,,0,1205330000109278477,2
9011020020600000,4,205330000135854570,,,1,1205330000135854374,5
9011020020600000,14,205330000135854663,,,1,1205330000135854423,9
9011020020600000,13,205330000135854714,,,1,1205330000135854423,11
9011020020600000,4,205330000135854527,,,1,1205330000135854317,1
9011020020600000,4,205330000135854613,,,1,1205330000135854374,7
9011020020700000,2,205330000131197909,,,1,1205330000101546563,1
9011020020700000,4,205330000131197847,,,1,1205330000101546487,3
9011020020700000,4,205330000131197775,,,1,1205330000101546444,5
9011020020700000,2,205330000131197926,,,1,1205330000101546610,9
9011020020700000,4,205330000135854759,,,1,1205330000101546444,7
9011020020700000,2,205330000131198022,,,0,1205330000101546713,508
9011020020700000,4,205330000131197955,,,0,1205330000122229686,10
9011020020700000,4,205330000131197994,,,0,1205330000101546816,8
9011020020700000,2,205330000131198059,,,0,1205330000101546816,6
9011020020700000,2,205330000131198111,,,0,1205330000101546636,12
9011020020900000,10,205330000135854802,,,1,1205330000073987029,701
9011020020900000,7,205330000135401598,,,1,1205330000016113522,5
9011020020900000,10,205330000136203970,,,1,1205330000073987029,705
9011020020900000,2,205330000136204088,,,1,1205330000074360520,7
9011020020900000,2,205330000136204038,,,1,1205330000074360520,1
9011020020900000,1,205330000136204138,,,1,1205330000074360520,601
9011020020900000,7,205330000136204005,,,1,1205330000073987029,11
9011020020900000,2,205330000136204063,,,1,1205330000074360520,3
9011020020900000,15,205330000136204113,,,1,1205330000074360520,9
9011020020900000,7,205330000129330451,,,0,1205330000016113539,12
9011020020900000,2,205330000129447897,,,0,1205330000086069963,8
9011020020900000,10,205330000129447770,,,0,1205330000052458727,706
9011020020900000,2,205330000129447873,,,0,1205330000086069963,6
9011020020900000,10,205330000130317439,,,0,1205330000052458727,702
9011020020900000,15,205330000132996677,,,0,1205330000128381890,14
9011020020900000,2,205330000132996705,,,0,1205330000128381924,2
9011020020900000,2,205330000132996730,,,0,1205330000128381924,4
9011020020900000,1,205330000132996624,,,0,1205330000128381890,602
9011020020900000,2,205330000129447921,,,0,1205330000086069963,10
9011020020900000,7,205330000132996651,,,0,1205330000086069995,16
9011020021000000,2,205330000132911903,,,1,1205330000101379685,15
9011020021000000,4,205330000136113199,,,1,1205330000121969087,9
9011020021000000,2,205330000136112934,,,1,1205330000101379819,7
9011020021000000,16,205330000136113042,,,1,1205330000136112607,17
9011020021000000,4,205330000136113324,,,1,1205330000116312327,5
9011020021000000,4,205330000136113521,,,1,1205330000136112706,13
9011020021000000,4,205330000136113081,,,1,1205330000136112649,11
9011020021000000,2,205330000136113390,,,1,1205330000101379896,3
9011020021000000,4,205330000131318055,,,0,1205330000101380107,14
9011020021000000,2,205330000131318297,,,0,1205330000114103119,2
9011020021000000,2,205330000131317459,,,0,1205330000109538531,4
9011020021000000,4,205330000131317950,,,0,1205330000101380107,10
9011020021000000,16,205330000136113791,,,0,1205330000136112857,18
9011020021000000,2,205330000136113678,,,0,1205330000136112771,16
9011020021000000,4,205330000136113873,,,0,1205330000136112771,12
9011020021000000,2,205330000136113983,,,0,1205330000116312387,6
9011020021100000,4,205330000136114212,,,1,1205330000136114066,107
9011020021100000,4,205330000136114124,,,1,1205330000130565209,15
9011020021100000,4,205330000136114146,,,1,1205330000130565209,7
9011020021100000,4,205330000136114183,,,1,1205330000101383465,3
9011020021100000,16,205330000136114168,,,1,1205330000130565209,9
9011020021100000,4,205330000131319011,,,0,1205330000101383670,6
9011020021100000,4,205330000131791261,,,0,1205330000101383670,522
9011020021100000,4,205330000131318996,,,0,1205330000101383670,4
9011020021100000,4,205330000136114328,,,0,1205330000130565238,2
9011020021100000,4,205330000136114421,,,0,1205330000105245623,10
9011020021100000,4,205330100131791261,,,0,1205330000101383670,532
9011020021200000,4,205330000136114627,,,1,1205330000136114440,1
9011020021200000,4,205330000136114763,,,1,1205330000136114440,5
9011020021200000,4,205330000136114897,,,0,1205330000136114506,2
9011020021300000,1,205330000130318297,,,1,1205330000113810429,213
9011020021300000,1,205330000130317897,,,1,1205330000106540521,211
9011020021300000,2,205330000130317529,,,1,1205330000106540521,53
9011020021300000,2,205330000130317713,,,1,1205330000106540521,57
9011020021300000,2,205330000130566463,,,1,1205330000130566042,55
9011020021300000,4,205330000135855045,,,1,1205330000109279007,59
9011020021300000,9,205330000135855261,,,1,1205330000135854840,159
9011020021300000,4,205330000136115352,,,1,1205330000090989455,13
9011020021300000,2,205330000136115042,,,1,1205330000106540521,67
9011020021300000,2,205330000136115678,,,1,1205330000113810429,51
9011020021300000,3,205330100130317897,,,1,1205330000106540521,311
9011020021300000,3,205330100130318297,,,1,1205330000113810429,313
9011020021300000,2,205330000136115221,,,1,1205330000090989455,15
9011020021300000,2,205330000136115491,,,1,1205330000106540521,61
9011020021300000,2,205330000131639381,,,0,1205330000131639132,28
9011020021300000,2,205330000131639564,,,0,1205330000131639222,30
9011020021300000,1,205330000131639930,,,0,1205330000131639222,212
9011020021300000,2,205330000131639747,,,0,1205330000131639222,34
9011020021300000,2,205330000136115862,,,0,1205330000131639222,32
9011020021300000,2,205330000136116625,,,0,1205330000131639132,24
9011020021300000,2,205330000136116230,,,0,1205330000131639222,38
9011020021300000,1,205330100131639747,,,0,1205330000131639222,214
9011020021300000,2,205330000136116046,,,0,1205330000131639222,36
9011020021300000,2,205330000136116428,,,0,1205330000131639132,26
9011020021300000,3,205330100131639930,,,0,1205330000131639222,312
9011020021300000,3,205330200131639747,,,0,1205330000131639222,314
9011020021400000,17,205330000135855484,,,1,1205330000133037647,9
9011020021400000,2,205330000136116899,,,1,1205330000133103122,1
9011020021400000,1,205330000136117328,,,1,1205330000133103122,201
9011020021400000,2,205330000136117114,,,1,1205330000133103122,5
9011020021400000,4,205330000136117543,,,1,1205330000102932432,103
9011020021400000,4,205330000136117683,,,1,1205330000136116752,7
9011020021400000,3,205330100136117328,,,1,1205330000133103122,301
9011020021400000,4,205330000132914895,,,0,1205330000101387006,2
9011020021400000,1,205330000136118125,,,0,1205330000133103300,202
9011020021400000,2,205330000136118350,,,0,1205330000133103300,4
9011020021400000,2,205330000136117902,,,0,1205330000133103390,10
9011020021400000,3,205330100136118125,,,0,1205330000133103300,302
9011020021500000,4,205330000135855875,,,1,1205330000126169103,9
9011020021500000,4,205330000131504742,,,1,1205330000095874962,5
9011020021500000,2,205330000130319534,,,1,1205330000115218405,3
9011020021500000,2,205330000135855713,,,1,1205330000095874962,7
9011020021500000,2,205330000131554258,,,1,1205330000095322487,11
9011020021500000,4,205330000135855990,,,0,1205330000113812625,4
9011020021500000,2,205330000135856279,,,0,1205330000113812673,8
9011020021500000,2,205330000135856437,,,0,1205330000121969719,12
9011020021500000,2,205330000135856135,,,0,1205330000113812673,6
9011020021500000,2,205330000136118562,,,0,1205330000121969719,10
9011020021600000,4,205330000130569978,,,1,1205330000130569877,13
9011020021600000,4,205330000136118883,,,0,1205330000136118694,2
9011020021600000,4,205330000136118917,,,0,1205330000136118694,6
9011020021600000,18,205330000136118776,,,0,1205330000136118641,8
9011020021700000,4,205330000136119060,,,1,1205330000121970443,1
9011020021700000,4,205330000136119108,,,0,1205330000136118950,2
9011020021700000,4,205330000136119156,,,0,1205330000136118950,6
9011020021700000,18,205330000136119204,,,0,1205330000136118950,8
9011020021800000,4,205330000136119335,,,1,1205330000136119214,1
9011020021800000,4,205330000136119397,,,0,1205330000136119259,102
9011020021800000,4,205330000136119362,,,0,1205330000126415393,4
9011020021900000,16,205330000136119421,,,1,1205330000114111067,5
9011020021900000,4,205330000136119478,,,1,1205330000101543163,3
9011020021900000,11,205330000136119441,,,1,1205330000114111067,7
9011020021900000,4,205330000136119586,,,1,1205330000101543163,1
9011020021900000,4,205330000136119683,,,0,1205330000101543236,4
9011020021900000,16,205330000136119707,,,0,1205330000101543236,6
9011020021900000,4,205330000136119727,,,0,1205330000121971183,2
9011020022000000,4,205330000114111499,,,1,1205330000114111419,3
9011020022000000,4,205330000130571198,,,0,1205330000101543503,2
9011020022100000,4,205330000136119766,,,1,1205330000101543595,1
9011020022100000,4,205330000131323260,,,0,1205330000101543625,4
9011020022100000,4,205330000136119798,,,0,1205330000101543625,2
9011020022300000,4,205330000131793600,,,1,1205330000131793351,1
9011020022300000,4,205330000136120015,,,1,1205330000131793271,5
9011020022300000,4,205330000136120157,,,0,1205330000136119808,4
9011020022300000,4,205330000136120207,,,0,1205330000136119885,2
9011020023100000,4,205330000132915277,,,1,1205330000131793630,101
9011020023100000,19,205330000132808027,,,1,1205330000131577840,3
9011020023100000,4,205330000132808061,,,1,1205330000131577878,5
9011020023100000,19,205330000131578058,,,0,1205330000131577916,4
9011020023100000,4,205330000131793774,,,0,1205330000131793669,2
9011020023100000,4,205330000136120252,,,0,1205330000131554562,6
9011020023100000,20,205330000136120294,,,0,1205330000131554562,10
9011020023100000,4,205330000136120339,,,0,1205330000131554562,8
9011020023200000,21,205330000132808230,,,1,1205330000132808119,9
9011020023200000,4,205330000136120373,,,1,1205330000132915609,5
9011020023200000,4,205330000136120394,,,1,1205330000088432744,7
9011020023200000,21,205330000132808263,,,0,1205330000132808159,4
9011020023200000,20,205330000136120424,,,0,1205330000132915639,10
9011020023200000,4,205330000136120460,,,0,1205330000132915639,6
9011020023200000,4,205330000136120493,,,0,1205330000132915639,8
9011020023300000,22,205330000130099329,,,1,1205330000130099210,5
9011020023300000,4,205330000136120647,,,1,1205330000130571991,103
9011020023300000,4,205330000136120678,,,1,1205330000101392240,101
9011020023300000,22,205330000131136998,,,0,1205330000130099253,6
9011020023300000,20,205330000136120732,,,0,1205330000136120556,12
9011020023300000,4,205330000136120837,,,0,1205330000136120556,108
9011020023300000,4,205330000136120785,,,0,1205330000136120556,110
9011020023400000,2,205330000135856701,,,1,1205330000135856516,11
9011020023400000,4,205330000136121368,,,1,1205330000135856516,13
9011020023400000,2,205330000136121927,,,1,1205330000136120989,19
9011020023400000,2,205330000136122197,,,1,1205330000135856516,15
9011020023400000,2,205330000136121526,,,1,1205330000136120846,5
9011020023400000,2,205330000136121805,,,1,1205330000136120989,7
9011020023400000,2,205330000136121221,,,1,1205330000135856516,17
9011020023400000,2,205330000136122049,,,1,1205330000136120989,101
9011020023400000,4,205330000136121680,,,1,1205330000136120921,3
9011020023400000,2,205330000135856848,,,0,1205330000135856583,16
9011020023400000,2,205330000136122859,,,0,1205330000133378199,22
9011020023400000,2,205330000136123015,,,0,1205330000136121026,14
9011020023400000,4,205330000136123321,,,0,1205330000136121104,8
9011020023400000,2,205330000136123471,,,0,1205330000136121104,6
9011020023400000,2,205330000136122492,,,0,1205330000135856583,20
9011020023400000,2,205330000136122737,,,0,1205330000133378199,10
9011020023400000,4,205330000136123171,,,0,1205330000136121026,214
9011020023400000,2,205330000136122344,,,0,1205330000135856583,18
9011020023400000,2,205330000136122614,,,0,1205330000133378199,4
9011020023500000,2,205330000135857108,,,1,1205330000135856951,37
9011020023500000,1,205330000136124553,,,1,1205330000136123574,207
9011020023500000,7,205330000136124938,,,1,1205330000136123665,53
9011020023500000,2,205330000136125193,,,1,1205330000136123574,7
9011020023500000,2,205330000136125354,,,1,1205330000135856951,9
9011020023500000,2,205330000136127878,,,1,1205330000135856951,41
9011020023500000,2,205330000136128221,,,1,1205330000135856951,47
9011020023500000,2,205330000136128403,,,1,1205330000136123574,49
9011020023500000,1,205330000136124363,,,1,1205330000136123574,205
9011020023500000,2,205330000136126311,,,1,1205330000135856951,23
9011020023500000,2,205330000136127036,,,1,1205330000136123812,29
9011020023500000,2,205330000136127188,,,1,1205330000135856951,27
9011020023500000,2,205330000136127339,,,1,1205330000136123812,33
9011020023500000,2,205330000136128594,,,1,1205330000136123574,51
9011020023500000,2,205330000136125506,,,1,1205330000135856951,17
9011020023500000,2,205330000136125658,,,1,1205330000135856951,19
9011020023500000,2,205330000136125810,,,1,1205330000135856951,21
9011020023500000,2,205330000136125991,,,1,1205330000136123574,11
9011020023500000,2,205330000136126153,,,1,1205330000136123755,13
9011020023500000,2,205330000136127522,,,1,1205330000136123868,39
9011020023500000,2,205330000136127718,,,1,1205330000136123574,43
9011020023500000,2,205330000136128786,,,1,1205330000136123868,35
9011020023500000,2,205330000136124748,,,1,1205330000136123574,15
9011020023500000,2,205330000136125011,,,1,1205330000135856951,5
9011020023500000,1,205330000136126492,,,1,1205330000136123574,201
9011020023500000,1,205330000136126682,,,1,1205330000136123574,203
9011020023500000,2,205330000136126875,,,1,1205330000136123574,31
9011020023500000,15,205330000136128060,,,1,1205330000136123574,45
9011020023500000,3,205330100136124553,,,1,1205330000136123574,307
9011020023500000,8,205330100136124938,,,1,1205330000136123665,209
9011020023500000,3,205330100136126682,,,1,1205330000136123574,303
9011020023500000,3,205330100136124363,,,1,1205330000136123574,305
9011020023500000,2,205330000135857258,,,0,1205330000135857007,34
9011020023500000,2,205330000136129596,,,0,1205330000136124106,110
9011020023500000,2,205330000136132366,,,0,1205330000136124015,54
9011020023500000,2,205330000136129100,,,0,1205330000135857007,24
9011020023500000,2,205330000136129244,,,0,1205330000135857007,28
9011020023500000,2,205330000136130064,,,0,1205330000135857007,16
9011020023500000,2,205330000136130208,,,0,1205330000135857007,18
9011020023500000,2,205330000136130643,,,0,1205330000135857007,30
9011020023500000,7,205330000136130965,,,0,1205330000136124197,58
9011020023500000,2,205330000136131229,,,0,1205330000136124015,40
9011020023500000,2,205330000136131374,,,0,1205330000135857007,38
9011020023500000,2,205330000136132635,,,0,1205330000102937317,26
9011020023500000,1,205330000136132887,,,0,1205330000136124015,204
9011020023500000,1,205330000136133237,,,0,1205330000136124015,208
9011020023500000,2,205330000136129420,,,0,1205330000136124015,6
9011020023500000,2,205330000136129920,,,0,1205330000136124015,14
9011020023500000,2,205330000136130353,,,0,1205330000135857007,50
9011020023500000,2,205330000136130498,,,0,1205330000135857007,22
9011020023500000,4,205330000136130788,,,0,1205330000135857007,128
9011020023500000,2,205330000136131695,,,0,1205330000135857007,42
9011020023500000,2,205330000136132015,,,0,1205330000136124015,48
9011020023500000,7,205330000136132541,,,0,1205330000136124197,56
9011020023500000,1,205330000136133062,,,0,1205330000136124015,206
9011020023500000,2,205330000136128952,,,0,1205330000136123960,8
9011020023500000,2,205330000136129744,,,0,1205330000135857007,12
9011020023500000,2,205330000136131053,,,0,1205330000136124015,36
9011020023500000,2,205330000136131550,,,0,1205330000136124015,44
9011020023500000,2,205330000136131839,,,0,1205330000135857007,46
9011020023500000,2,205330000136132191,,,0,1205330000136124015,52
9011020023500000,2,205330000136132593,,,0,1205330000102937317,2
9011020023500000,1,205330000136132712,,,0,1205330000136124015,202
9011020023500000,2,205330000136133420,,,0,1205330000136124015,32
9011020023500000,3,205330100136132887,,,0,1205330000136124015,304
9011020023500000,8,205330100136130965,,,0,1205330000136124197,212
9011020023500000,8,205330100136132541,,,0,1205330000136124197,210
9011020023500000,3,205330100136133062,,,0,1205330000136124015,306
9011020023500000,3,205330100136133237,,,0,1205330000136124015,308
9011020023500000,3,205330100136132712,,,0,1205330000136124015,302
9011020023600000,15,205330000136135138,,,1,1205330000136134502,17
9011020023600000,2,205330000136135259,,,1,1205330000136134502,13
9011020023600000,2,205330000136135501,,,1,1205330000136134502,9
9011020023600000,2,205330000136135622,,,1,1205330000136134502,19
9011020023600000,2,205330000136135743,,,1,1205330000136134502,21
9011020023600000,2,205330000136135864,,,1,1205330000136134502,3
9011020023600000,23,205330000136134879,,,1,1205330000136134502,305
9011020023600000,1,205330000136134637,,,1,1205330000136134502,203
9011020023600000,2,205330000136135380,,,1,1205330000136134502,11
9011020023600000,2,205330000136135985,,,1,1205330000136134502,5
9011020023600000,1,205330000136134757,,,1,1205330000136134502,205
9011020023600000,2,205330000136135017,,,1,1205330000136134502,15
9011020023600000,3,205330100136134637,,,1,1205330000136134502,303
9011020023600000,1,205330000136136271,,,0,1205330000136134574,206
9011020023600000,23,205330000136136401,,,0,1205330000136134574,306
9011020023600000,2,205330000136136546,,,0,1205330000136134574,6
9011020023600000,2,205330000136137188,,,0,1205330000136134574,16
9011020023600000,2,205330000136136675,,,0,1205330000136134574,4
9011020023600000,7,205330000136136103,,,0,1205330000136134539,24
9011020023600000,1,205330000136136143,,,0,1205330000136134574,204
9011020023600000,2,205330000136136931,,,0,1205330000136134574,12
9011020023600000,2,205330000136137059,,,0,1205330000136134574,14
9011020023600000,2,205330000136137446,,,0,1205330000136134574,20
9011020023600000,2,205330000136137703,,,0,1205330000136134574,108
9011020023600000,2,205330000136136803,,,0,1205330000136134574,10
9011020023600000,15,205330000136137317,,,0,1205330000136134574,18
9011020023600000,2,205330000136137575,,,0,1205330000136134574,22
9011020023600000,8,205330100136136103,,,0,1205330000136134539,208
9011020023600000,3,205330100136136143,,,0,1205330000136134574,304
9011020023700000,19,205330000130099435,,,1,1205330000108388693,105
9011020023700000,21,205330000130099412,,,1,1205330000129153025,103
9011020023700000,20,205330000131805611,,,1,1205330000130587069,7
9011020023700000,2,205330000130099389,,,1,1205330000088915776,1
9011020023700000,4,205330000131805569,,,1,1205330000130587069,5
9011020023700000,4,205330000136139086,,,1,1205330000130587037,3
9011020023700000,21,205330000129153139,,,0,1205330000129153047,106
9011020023700000,2,205330000131137024,,,0,1205330000088915799,2
9011020023700000,20,205330000131335082,,,0,1205330000130587168,8
9011020023700000,19,205330000131137049,,,0,1205330000108388719,104
9011020023700000,4,205330000136139121,,,0,1205330000130587103,4
9011020023700000,4,205330000136139158,,,0,1205330000136139021,6
9011020023800000,24,205330000135453797,,,1,1205330000102610488,101
9011020023800000,4,205330000136139841,,,1,1205330000136139542,3
9011020023800000,17,205330000136139778,,,1,1205330000136139466,7
9011020023800000,4,205330000136139713,,,1,1205330000136139433,1
9011020023800000,4,205330000136139905,,,1,1205330000136139614,5
9011020023800000,24,205330000129153222,,,0,1205330000102610526,102
9011020023800000,4,205330000130588225,,,0,1205330000104954749,4
9011020023900000,4,205330000116341164,,,1,1205330000105264447,3
9011020023900000,19,205330000132808418,,,1,1205330000102610620,9
9011020023900000,21,205330000135453833,,,1,1205330000088454009,7
9011020023900000,4,205330000136140383,,,1,1205330000136139916,119
9011020023900000,4,205330000136140624,,,1,1205330000102354689,11
9011020023900000,4,205330000136140500,,,1,1205330000136139997,505
9011020023900000,4,205330000136140312,,,1,1205330000102354655,17
9011020023900000,19,205330000129153336,,,0,1205330000102610662,6
9011020023900000,21,205330000130099611,,,0,1205330000088454484,8
9011020023900000,2,205330000135453861,,,0,1205330000108388890,18
9011020023900000,4,205330000136140724,,,0,1205330000102355192,112
9011020023900000,4,205330000136140795,,,0,1205330000136140086,16
9011020023900000,20,205330000136140679,,,0,1205330000136140023,114
9011020023900000,4,205330000136140946,,,0,1205330000136140161,212
9011020023900000,4,205330000136141011,,,0,1205330000136140225,110
9011020024000000,4,205330000121978602,,,1,1205330000114133137,9
9011020024000000,4,205330000114133248,,,1,1205330000114133137,7
9011020024000000,2,205330000130099646,,,1,1205330000089735987,5
9011020024000000,4,205330000136141575,,,1,1205330000089567008,101
9011020024000000,4,205330000114133296,,,0,1205330000114133156,6
9011020024000000,4,205330000136141625,,,0,1205330000089600491,104
9011020024000000,4,205330000136141607,,,0,1205330000089567037,2
9011020024200000,4,205330000135857411,,,1,1205330000135857363,107
9011020024200000,2,205330000136142125,,,1,1205330000136141748,19
9011020024200000,3,205330000136142302,,,1,1205330000136141703,309
9011020024200000,3,205330000136142546,,,1,1205330000136141634,303
9011020024200000,3,205330000136142594,,,1,1205330000136141703,321
9011020024200000,2,205330000136142770,,,1,1205330000136141703,13
9011020024200000,2,205330000136142824,,,1,1205330000136141634,35
9011020024200000,2,205330000136142962,,,1,1205330000088456585,105
9011020024200000,2,205330000136143075,,,1,1205330000136141748,15
9011020024200000,2,205330000136143175,,,1,1205330000136141703,21
9011020024200000,2,205330000136143233,,,1,1205330000136141748,23
9011020024200000,1,205330000136142243,,,1,1205330000136141703,221
9011020024200000,1,205330000136142653,,,1,1205330000136141748,211
9011020024200000,2,205330000136143467,,,1,1205330000136141703,25
9011020024200000,2,205330000136142020,,,1,1205330000135857363,45
9011020024200000,1,205330000136142362,,,1,1205330000136141748,215
9011020024200000,1,205330000136142420,,,1,1205330000136141748,217
9011020024200000,2,205330000136142490,,,1,1205330000136141793,43
9011020024200000,2,205330000136142871,,,1,1205330000136141703,39
9011020024200000,2,205330000136142918,,,1,1205330000088456585,27
9011020024200000,2,205330000136143128,,,1,1205330000136141669,3
9011020024200000,3,205330000136143291,,,1,1205330000136141748,311
9011020024200000,2,205330000136143527,,,1,1205330000136141703,17
9011020024200000,1,205330000136141943,,,1,1205330000136141634,203
9011020024200000,1,205330000136141983,,,1,1205330000136141669,201
9011020024200000,1,205330000136142067,,,1,1205330000136141703,209
9011020024200000,1,205330000136142184,,,1,1205330000136141703,213
9011020024200000,2,205330000136142711,,,1,1205330000136141748,139
9011020024200000,2,205330000136143017,,,1,1205330000136141748,11
9011020024200000,3,205330000136143349,,,1,1205330000136141748,315
9011020024200000,3,205330000136143407,,,1,1205330000136141748,317
9011020024200000,3,205330100136142184,,,1,1205330000136141703,313
9011020024200000,3,205330100136141983,,,1,1205330000136141669,301
9011020024300000,2,205330000135857716,,,1,1205330000133489778,11
9011020024300000,2,205330000135857563,,,1,1205330000133489778,15
9011020024300000,2,205330000135857853,,,1,1205330000135857458,19
9011020024300000,1,205330000136145639,,,1,1205330000133489778,203
9011020024300000,2,205330000136146405,,,1,1205330000135857458,25
9011020024300000,1,205330000136145181,,,1,1205330000133489778,205
9011020024300000,1,205330000136145487,,,1,1205330000133489778,201
9011020024300000,2,205330000136145992,,,1,1205330000133489778,13
9011020024300000,2,205330000136145779,,,1,1205330000130592492,5
9011020024300000,4,205330000136146128,,,1,1205330000136144857,3
9011020024300000,3,205330000136145333,,,1,1205330000133489778,303
9011020024300000,2,205330000136145840,,,1,1205330000133489778,17
9011020024300000,4,205330000136146267,,,1,1205330000135857458,1
9011020024300000,3,205330100136145487,,,1,1205330000133489778,301
9011020024300000,3,205330100136145181,,,1,1205330000133489778,305
9011020024300000,2,205330000135858130,,,0,1205330000133489851,18
9011020024300000,2,205330000131338176,,,0,1205330000088459664,26
9011020024300000,2,205330000135857989,,,0,1205330000133489851,14
9011020024300000,2,205330000135858271,,,0,1205330000133489851,110
9011020024300000,2,205330000136146683,,,0,1205330000133489851,16
9011020024300000,3,205330000136148097,,,0,1205330000133489851,302
9011020024300000,2,205330000136146825,,,0,1205330000133489851,8
9011020024300000,3,205330000136147532,,,0,1205330000136145071,304
9011020024300000,1,205330000136147815,,,0,1205330000133489851,204
9011020024300000,2,205330000136146541,,,0,1205330000133489851,20
9011020024300000,2,205330000136146968,,,0,1205330000136144906,6
9011020024300000,4,205330000136147248,,,0,1205330000136144961,2
9011020024300000,1,205330000136147674,,,0,1205330000133489851,202
9011020024300000,1,205330000136147956,,,0,1205330000133489851,206
9011020024300000,4,205330000136147109,,,0,1205330000136144906,506
9011020024300000,2,205330000136147389,,,0,1205330000136145012,4
9011020024300000,3,205330100136147956,,,0,1205330000133489851,306
9011020024400000,2,205330000133094893,,,1,1205330000088465113,5
9011020024400000,2,205330000135453922,,,1,1205330000131578121,15
9011020024400000,1,205330000135454075,,,1,1205330000106236473,203
9011020024400000,2,205330000133001158,,,1,1205330000088464861,1
9011020024400000,4,205330000136149919,,,1,1205330000131814164,7
9011020024400000,2,205330000136150172,,,1,1205330000121982745,3
9011020024400000,4,205330000136149386,,,1,1205330000131814253,11
9011020024400000,3,205330100135454075,,,1,1205330000106236473,303
9011020024400000,4,205330000136149654,,,1,1205330000131814253,9
9011020024400000,1,205330000135454328,,,0,1205330000131578169,202
9011020024400000,4,205330000136150582,,,0,1205330000131578169,10
9011020024400000,2,205330000136151100,,,0,1205330000088465198,12
9011020024400000,3,205330100135454328,,,0,1205330000131578169,302
9011020024400000,4,205330000136150330,,,0,1205330000131578169,8
9011020024400000,4,205330000136150846,,,0,1205330000092273917,66
9011020024500000,4,205330000135858605,,,1,1205330000135858548,507
9011020024500000,2,205330000136152217,,,1,1205330000136151299,5
9011020024500000,2,205330000136152869,,,1,1205330000136151299,7
9011020024500000,2,205330000136151940,,,1,1205330000136151299,117
9011020024500000,2,205330000136151802,,,1,1205330000136151299,1
9011020024500000,2,205330000136152078,,,1,1205330000136151299,3
9011020024500000,7,205330000136152354,,,1,1205330000136151339,19
9011020024500000,2,205330000136152592,,,1,1205330000136151299,111
9011020024500000,2,205330000136152730,,,1,1205330000136151299,113
9011020024500000,1,205330000136151522,,,1,1205330000136151299,205
9011020024500000,2,205330000136151663,,,1,1205330000136151299,115
9011020024500000,7,205330000136152400,,,1,1205330000136151339,21
9011020024500000,2,205330000136152453,,,1,1205330000136151299,9
9011020024500000,8,205330100136152354,,,1,1205330000136151339,201
9011020024500000,3,205330100136151522,,,1,1205330000136151299,301
9011020024500000,8,205330100136152400,,,1,1205330000136151339,203
9011020024500000,7,205330000136153129,,,0,1205330000136151416,22
9011020024500000,2,205330000136153200,,,0,1205330000136151378,16
9011020024500000,2,205330000136153324,,,0,1205330000136151378,18
9011020024500000,2,205330000136153449,,,0,1205330000136151378,14
9011020024500000,2,205330000136153948,,,0,1205330000136151378,104
9011020024500000,2,205330000136154073,,,0,1205330000136151378,20
9011020024500000,2,205330000136154199,,,0,1205330000136151453,8
9011020024500000,2,205330000136153006,,,0,1205330000136151378,102
9011020024500000,2,205330000136153573,,,0,1205330000136151378,12
9011020024500000,1,205330000136153697,,,0,1205330000136151378,206
9011020024500000,2,205330000136153824,,,0,1205330000136151453,6
9011020024500000,2,205330000136154325,,,0,1205330000136151453,10
9011020024500000,7,205330000136153161,,,0,1205330000136151416,24
9011020024500000,3,205330100136153697,,,0,1205330000136151378,302
9011020024500000,8,205330100136153129,,,0,1205330000136151416,202
9011020024500000,8,205330100136153161,,,0,1205330000136151416,204
9011020024600000,2,205330000136155860,,,1,1205330000136155236,107
9011020024600000,2,205330000136156004,,,1,1205330000136155191,5
9011020024600000,2,205330000136156434,,,1,1205330000136155191,111
9011020024600000,2,205330000136155569,,,1,1205330000136155191,9
9011020024600000,2,205330000136156290,,,1,1205330000136155191,1
9011020024600000,2,205330000136155425,,,1,1205330000136155191,15
9011020024600000,2,205330000136155712,,,1,1205330000136155191,113
9011020024600000,2,205330000136156147,,,1,1205330000136155191,3
9011020024600000,2,205330000136156576,,,0,1205330000136155286,2
9011020024600000,2,205330000136156964,,,0,1205330000136155335,112
9011020024600000,2,205330000136157224,,,0,1205330000136155286,8
9011020024600000,2,205330000136156831,,,0,1205330000136155286,14
9011020024600000,2,205330000136156703,,,0,1205330000136155286,16
9011020024600000,2,205330000136157096,,,0,1205330000136155335,110
9011020024600000,2,205330000136157478,,,0,1205330000136155286,4
9011020024600000,2,205330000136157351,,,0,1205330000136155286,106
9011020024700000,4,205330000136158646,,,1,1205330000136158519,3
9011020024700000,4,205330000136158688,,,1,1205330000136158553,101
9011020024700000,4,205330000136158727,,,0,1205330000136158585,2
9011020024700000,4,205330000136158775,,,0,1205330000136158585,4
9011020024800000,2,205330000130100370,,,1,1205330000088475276,19
9011020024800000,2,205330000130100347,,,1,1205330000088475276,17
9011020024800000,4,205330000136159063,,,1,1205330000088475276,9
9011020024800000,11,205330000136159087,,,1,1205330000088475276,11
9011020024800000,25,205330100136159087,,,1,1205330000088475276,211
9011020024800000,17,205330200136159087,,,1,1205330000088475276,311
9011020024800000,2,205330000114148935,,,0,1205330000088475358,4
9011020024800000,2,205330000130100396,,,0,1205330000088475327,18
9011020024800000,4,205330000136159123,,,0,1205330000088475327,12
9011020024800000,4,205330000136159152,,,0,1205330000088475327,14
9011020024900000,24,205330000135454645,,,1,1205330000135454540,1
9011020024900000,4,205330000136159689,,,1,1205330000136159569,3
9011020024900000,26,205330000136159715,,,1,1205330000136159602,5
9011020024900000,24,205330000135454683,,,0,1205330000135454577,4
9011020024900000,4,205330000136159750,,,0,1205330000136159629,2
9011020025000000,2,205330000133038465,,,1,1205330000133038131,1
9011020025000000,4,205330000135859020,,,1,1205330000133038198,11
9011020025000000,4,205330000135859117,,,1,1205330000135858799,9
9011020025000000,2,205330000133038594,,,1,1205330000133038131,5
9011020025000000,2,205330000135858885,,,1,1205330000133038060,13
9011020025000000,2,205330000136160019,,,1,1205330000133095330,15
9011020025000000,2,205330000136159894,,,1,1205330000133038131,3
9011020025000000,2,205330000133038868,,,0,1205330000109281200,4
9011020025000000,2,205330000133039055,,,0,1205330000088477253,6
9011020025000000,2,205330000133039143,,,0,1205330000088477253,16
9011020025000000,4,205330000133095782,,,0,1205330000088477253,12
9011020025000000,4,205330000135859211,,,0,1205330000095879363,10
9011020025000000,4,205330000135859302,,,0,1205330000088477253,14
9011020025000000,2,205330000136160145,,,0,1205330000088477193,2
9011020025000000,9,205330000136160235,,,0,1205330000088477253,114
9011020025100000,4,205330000130324910,,,1,1205330000130324440,7
9011020025100000,4,205330000135859811,,,1,1205330000130324387,3
9011020025100000,4,205330000130324780,,,1,1205330000130324387,5
9011020025100000,4,205330000131643164,,,0,1205330000130324486,2
9011020025200000,4,205330000135860090,,,1,1205330000135454692,5
9011020025200000,4,205330000135860018,,,1,1205330000113818435,1
9011020025200000,4,205330000135860162,,,1,1205330000135454692,7
9011020025200000,4,205330000135860314,,,0,1205330000130325151,6
9011020025200000,4,205330000135860393,,,0,1205330000135859922,8
9011020025200000,4,205330000135860235,,,0,1205330000125872414,2
9011020025200000,4,205330000136160755,,,0,1205330000130605393,10
9011020025300000,27,205330000130326043,,,1,1205330000113818727,15
9011020025300000,4,205330000130326345,,,1,1205330000109284102,13
9011020025300000,4,205330000130326108,,,1,1205330000122456796,101
9011020025300000,4,205330000130326411,,,1,1205330000113818783,9
9011020025300000,28,205330000132025357,,,1,1205330000132025232,109
9011020025300000,4,205330000135860745,,,1,1205330000109284059,17
9011020025300000,28,205330000135860870,,,1,1205330000132025250,103
9011020025300000,4,205330000135860674,,,1,1205330000109284102,11
9011020025300000,4,205330000135860816,,,1,1205330000135860434,3
9011020025300000,4,205330000136160873,,,1,1205330000114150438,601
9011020025300000,4,205330000136160924,,,1,1205330000136160796,603
9011020025300000,4,205330000130326815,,,0,1205330000113818913,2
9011020025300000,4,205330000135861084,,,0,1205330000095883595,14
9011020025300000,4,205330000135861236,,,0,1205330000135860584,16
9011020025300000,4,205330000135860938,,,0,1205330000135860475,8
9011020025300000,4,205330000135861007,,,0,1205330000135860548,12
9011020025300000,4,205330000135861030,,,0,1205330000095883595,10
9011020025300000,4,205330000135861138,,,0,1205330000095883595,18
9011020025300000,28,205330000133040248,,,0,1205330000131202139,102
9011020025300000,4,205330000133040291,,,0,1205330000132839068,20
9011020025300000,4,205330000136160955,,,0,1205330000136160821,612
9011020025300000,27,205330000136160970,,,0,1205330000136160821,616
9011020025300000,4,205330000136160940,,,0,1205330000136160821,608
9011020025400000,4,205330000131643509,,,1,1205330000095885058,3
9011020025400000,4,205330000135861422,,,1,1205330000095885158,9
9011020025400000,4,205330000135861322,,,1,1205330000095885158,7
9011020025400000,4,205330000128404307,,,0,1205330000101449258,10
9011020025400000,4,205330000135861528,,,0,1205330000126173489,2
9011020025400000,4,205330000135861697,,,0,1205330000095885317,8
9011020025400000,4,205330000135861623,,,0,1205330000095885317,6
9011020025500000,2,205330000130328820,,,1,1205330000095886852,15
9011020025500000,2,205330000130329130,,,1,1205330000095886852,19
9011020025500000,4,205330000135862461,,,1,1205330000122235393,9
9011020025500000,2,205330000135861822,,,1,1205330000095886852,11
9011020025500000,2,205330000135861978,,,1,1205330000095886852,13
9011020025500000,2,205330000135862135,,,1,1205330000095886852,17
9011020025500000,4,205330000136319010,,,1,1205330000109285976,3
9011020025500000,2,205330000136319330,,,1,1205330000095886802,5
9011020025500000,1,205330000136319818,,,1,1205330000095886802,203
9011020025500000,2,205330000136318928,,,1,1205330000095886715,7
9011020025500000,9,205330000136319487,,,1,1205330000095886802,103
9011020025500000,4,205330000136319971,,,1,1205330000135861741,503
9011020025500000,2,205330000136319173,,,1,1205330000095886802,1
9011020025500000,1,205330000136319661,,,1,1205330000095886802,201
9011020025500000,3,205330100136319818,,,1,1205330000095886802,303
9011020025500000,3,205330100136319661,,,1,1205330000095886802,301
9011020025500000,4,205330000136320193,,,0,1205330000104626142,14
9011020025500000,2,205330000136320306,,,0,1205330000103847274,8
9011020025500000,2,205330000136320365,,,0,1205330000103847274,20
9011020025500000,4,205330000136320837,,,0,1205330000103847224,12
9011020025500000,2,205330000136321097,,,0,1205330000103847224,18
9011020025500000,1,205330000136321793,,,0,1205330000103847224,204
9011020025500000,9,205330000136321372,,,0,1205330000103847224,110
9011020025500000,1,205330000136321664,,,0,1205330000103847224,202
9011020025500000,4,205330000136320057,,,0,1205330000104626142,10
9011020025500000,9,205330000136321518,,,0,1205330000103847224,114
9011020025500000,4,205330000136320448,,,0,1205330000122235442,4
9011020025500000,2,205330000136320579,,,0,1205330000103847224,2
9011020025500000,2,205330000136320708,,,0,1205330000103847224,6
9011020025500000,2,205330000136320968,,,0,1205330000103847224,16
9011020025500000,9,205330000136321226,,,0,1205330000103847224,104
9011020025500000,3,205330100136321664,,,0,1205330000103847224,302
9011020025500000,3,205330100136321793,,,0,1205330000103847224,304
9011020026000000,4,205330000130332349,,,1,1205330000104631226,101
9011020026000000,2,205330000131202777,,,1,1205330000101547320,3
9011020026000000,2,205330000131202719,,,1,1205330000104631180,1
9011020026000000,4,205330000130332410,,,0,1205330000104631281,106
9011020026000000,4,205330000130332439,,,0,1205330000104631245,6
9011020026000000,2,205330000130332611,,,0,1205330000101547527,8
9011020026000000,4,205330000135866103,,,0,1205330000135866040,10
9011020026000000,4,205330000130332493,,,0,1205330000102180382,4
9011020026000000,2,205330000130332553,,,0,1205330000101547527,2
9011020026100000,4,205330000133188425,,,1,1205330000113825429,1
9011020026100000,4,205330000133188274,,,1,1205330000109289493,3
9011020026100000,4,205330000130333064,,,0,1205330000109289622,6
9011020026100000,4,205330000135866212,,,0,1205330000113825539,2
9011020026100000,4,205330000135866257,,,0,1205330000135866143,8
9011020026100000,4,205330000135866295,,,0,1205330000135866143,16
9011020026100000,4,205330000130332962,,,0,1205330000109289588,14
9011020026100000,4,205330000135866276,,,0,1205330000135866143,10
9011020026200000,2,205330000130333432,,,1,1205330000096695036,13
9011020026200000,2,205330000130333640,,,1,1205330000105827279,21
9011020026200000,2,205330000130333747,,,1,1205330000105827334,3
9011020026200000,4,205330000130333866,,,1,1205330000096695036,15
9011020026200000,2,205330000130333484,,,1,1205330000105827279,7
9011020026200000,2,205330000130333536,,,1,1205330000105827279,9
9011020026200000,1,205330000130333694,,,1,1205330000105827279,203
9011020026200000,2,205330000130333799,,,1,1205330000105827279,1
9011020026200000,2,205330000130333298,,,1,1205330000096695036,17
9011020026200000,2,205330000130333588,,,1,1205330000105827279,19
9011020026200000,4,205330000135866352,,,1,1205330000096695036,11
9011020026200000,1,205330100130333536,,,1,1205330000105827279,201
9011020026200000,1,205330000130334225,,,0,1205330000105827372,202
9011020026200000,1,205330000130334276,,,0,1205330000105827372,204
9011020026200000,4,205330000130334070,,,0,1205330000105827372,16
9011020026200000,2,205330000131646430,,,0,1205330000131646298,18
9011020026200000,2,205330000131646545,,,0,1205330000131646298,8
9011020026200000,2,205330000130334123,,,0,1205330000105827372,20
9011020026200000,2,205330000130334174,,,0,1205330000105827372,22
9011020026200000,2,205330000130334681,,,0,1205330000105827372,2
9011020026200000,2,205330000131646640,,,0,1205330000131646298,10
9011020026200000,2,205330000131646735,,,0,1205330000131646298,14
9011020026200000,2,205330000133188540,,,0,1205330000101455250,4
9011020026200000,4,205330000135866419,,,0,1205330000105827372,12
9011020026300000,2,205330000130335065,,,1,1205330000105828737,7
9011020026300000,1,205330000130335122,,,1,1205330000105828737,201
9011020026300000,2,205330000130335351,,,1,1205330000108589427,1
9011020026300000,2,205330000130335299,,,1,1205330000105828693,3
9011020026300000,2,205330000130335408,,,1,1205330000105828737,17
9011020026300000,4,205330000135866790,,,1,1205330000135866459,15
9011020026300000,9,205330000135866845,,,1,1205330000108589427,19
9011020026300000,4,205330000135866983,,,1,1205330000135866501,5
9011020026300000,4,205330000135867045,,,1,1205330000135866459,13
9011020026300000,9,205330000131646828,,,1,1205330000108589427,21
9011020026300000,2,205330000130334950,,,1,1205330000105828563,9
9011020026300000,1,205330000130335179,,,1,1205330000105828737,203
9011020026300000,2,205330000135866922,,,1,1205330000105828563,11
9011020026300000,2,205330000130335661,,,0,1205330000126179703,10
9011020026300000,2,205330000130335718,,,0,1205330000105828823,8
9011020026300000,2,205330000130335774,,,0,1205330000105828823,18
9011020026300000,1,205330000130335830,,,0,1205330000105828823,202
9011020026300000,2,205330000135867167,,,0,1205330000126179703,12
9011020026300000,4,205330000135867286,,,0,1205330000135866628,4
9011020026300000,2,205330000135867340,,,0,1205330000129332417,2
9011020026300000,2,205330000135867230,,,0,1205330000135866586,6
9011020026300000,1,205330000130335886,,,0,1205330000105828823,204
9011020026300000,4,205330000135867104,,,0,1205330000135866544,16
9011020026300000,9,205330000135867392,,,0,1205330000113827264,22
9011020026300000,4,205330000135867470,,,0,1205330000135866697,14
9011020026300000,9,205330000135867527,,,0,1205330000113827264,20
9011020026400000,4,205330000130336190,,,1,1205330000104633114,3
9011020026400000,4,205330000130336282,,,0,1205330000104633228,6
9011020026400000,4,205330000130336471,,,0,1205330000104633171,4
9011020026400000,4,205330000130336376,,,0,1205330000104633171,2
9011020026500000,2,205330000130336743,,,1,1205330000126180070,5
9011020026500000,2,205330000130337055,,,1,1205330000104633754,11
9011020026500000,2,205330000130337262,,,1,1205330000105830565,17
9011020026500000,2,205330000130336572,,,1,1205330000105830565,1
9011020026500000,2,205330000130336636,,,1,1205330000101459148,15
9011020026500000,4,205330000130336783,,,1,1205330000101459148,23
9011020026500000,2,205330000130337193,,,1,1205330000105830565,13
9011020026500000,2,205330000130337469,,,1,1205330000105830565,25
9011020026500000,2,205330000130337538,,,1,1205330000105830565,29
9011020026500000,1,205330000130337676,,,1,1205330000105830565,201
9011020026500000,1,205330000130337747,,,1,1205330000105830565,205
9011020026500000,4,205330000130336700,,,1,1205330000101459148,3
9011020026500000,2,205330000130336913,,,1,1205330000101459148,33
9011020026500000,2,205330000130337124,,,1,1205330000105830565,7
9011020026500000,2,205330000130336849,,,1,1205330000101459148,31
9011020026500000,2,205330000130336984,,,1,1205330000104633754,9
9011020026500000,2,205330000130337331,,,1,1205330000105830565,19
9011020026500000,2,205330000130337400,,,1,1205330000105830565,21
9011020026500000,2,205330000130337607,,,1,1205330000105830565,35
9011020026500000,1,205330100130337331,,,1,1205330000105830565,203
9011020026500000,2,205330000130338686,,,0,1205330000100646349,42
9011020026500000,2,205330000130337996,,,0,1205330000100646349,20
9011020026500000,2,205330000130338122,,,0,1205330000100646349,24
9011020026500000,2,205330000130338372,,,0,1205330000100646349,32
9011020026500000,2,205330000130338749,,,0,1205330000104633810,8
9011020026500000,2,205330000130338873,,,0,1205330000100646349,2
9011020026500000,2,205330000130337810,,,0,1205330000104633810,6
9011020026500000,2,205330000130338434,,,0,1205330000100646349,34
9011020026500000,2,205330000130338496,,,0,1205330000100646349,36
9011020026500000,1,205330000130338558,,,0,1205330000100646349,202
9011020026500000,2,205330000130338624,,,0,1205330000100646349,40
9011020026500000,2,205330000130337872,,,0,1205330000100646349,14
9011020026500000,2,205330000130337934,,,0,1205330000100646349,18
9011020026500000,4,205330000130338058,,,0,1205330000100646349,22
9011020026500000,4,205330000130338184,,,0,1205330000100646349,26
9011020026500000,2,205330000130338248,,,0,1205330000100646349,28
9011020026500000,2,205330000130338310,,,0,1205330000100646349,30
9011020026500000,2,205330000130338811,,,0,1205330000100646349,16
9011020026500000,1,205330100130337996,,,0,1205330000100646349,204
9011020026500000,1,205330100130338434,,,0,1205330000100646349,206
9011020026500000,4,205330100130337810,,,0,1205330000104633810,506
9011020026600000,4,205330000130339027,,,1,1205330000102187216,3
9011020026600000,4,205330000130339362,,,1,1205330000122238312,1
9011020026600000,4,205330000135867944,,,1,1205330000135867644,11
9011020026600000,4,205330000135867852,,,1,1205330000102187216,5
9011020026600000,4,205330000131647460,,,1,1205330000131647366,9
9011020026600000,4,205330000135867772,,,1,1205330000102187216,7
9011020026600000,4,205330000130339550,,,0,1205330000122238381,12
9011020026600000,4,205330000130339744,,,0,1205330000122238352,16
9011020026600000,4,205330000130339500,,,0,1205330000122238381,8
9011020026600000,4,205330000135868297,,,0,1205330000105831941,4
9011020026600000,4,205330000135868038,,,0,1205330000130338904,6
9011020026600000,4,205330000135868126,,,0,1205330000130338904,10
9011020026600000,4,205330000130339450,,,0,1205330000130338904,18
9011020026600000,4,205330000135868214,,,0,1205330000130338904,14
9011020026600000,4,205330000131647556,,,0,1205330000101461989,2
9011020026700000,4,205330000130340092,,,1,1205330000113099124,3
9011020026700000,4,205330000130340153,,,1,1205330000113099124,7
9011020026700000,4,205330000131647637,,,1,1205330000113099162,1
9011020026700000,4,205330000131647683,,,1,1205330000113099124,5
9011020026700000,4,205330000130340323,,,0,1205330000113099237,6
9011020026700000,4,205330000130340183,,,0,1205330000113099290,2
9011020026700000,4,205330000130340215,,,0,1205330000113099198,4
9011020026700000,4,205330000131647737,,,0,1205330000113099198,8
9011020026700000,4,205330000131203171,,,0,1205330000113099198,10
9011020026800000,4,205330000130340529,,,1,1205330000115947285,6
9011020026800000,4,205330000130340582,,,1,1205330000115947358,8
9011020026800000,4,205330000130340636,,,1,1205330000115947358,10
9011020026800000,4,205330000130340388,,,1,1205330000115947148,2
9011020026800000,4,205330000135868410,,,1,1205330000115947219,4
9011020026900000,2,205330000116061083,,,1,1205330000104636817,5
9011020026900000,4,205330000122383404,,,1,1205330000109294071,7
9011020026900000,4,205330000122383467,,,1,1205330000109294108,1
9011020026900000,4,205330000130340790,,,0,1205330000109294179,6
9011020026900000,2,205330000130340873,,,0,1205330000109294216,2
9011020026900000,4,205330000135868460,,,0,1205330000109294179,8
9011020026900000,4,205330000130340841,,,0,1205330000104636852,4
9011020026900000,4,205330000135868517,,,0,1205330000109294216,10
9011020027000000,1,205330000132840812,,,1,1205330000109294915,201
9011020027000000,1,205330000132840953,,,1,1205330000109294915,203
9011020027000000,2,205330000132841098,,,1,1205330000109294837,5
9011020027000000,2,205330000132840530,,,1,1205330000109294758,3
9011020027000000,2,205330000135868623,,,1,1205330000109294915,1
9011020027000000,3,205330100132840953,,,1,1205330000109294915,303
9011020027000000,3,205330100132840812,,,1,1205330000109294915,301
9011020027000000,2,205330000130341686,,,0,1205330000109295152,2
9011020027000000,1,205330000130342156,,,0,1205330000109294993,202
9011020027000000,1,205330000130342302,,,0,1205330000109294993,204
9011020027000000,2,205330000130341864,,,0,1205330000109295072,6
9011020027000000,4,205330000131647905,,,0,1205330000102189746,4
9011020027000000,2,205330000132027412,,,0,1205330000109294993,8
9011020027000000,3,205330100130342156,,,0,1205330000109294993,302
9011020027000000,3,205330100130342302,,,0,1205330000109294993,304
9011020027100000,4,205330000136323849,,,1,1205330000135868717,5
9011020027100000,4,205330000136323966,,,1,1205330000135868764,1
9011020027100000,4,205330000136323621,,,1,1205330000114538060,9
9011020027100000,4,205330000136323733,,,1,1205330000135868717,7
9011020027100000,4,205330000136324096,,,1,1205330000135868811,3
9011020027300000,2,205330000135869515,,,1,1205330000103330250,1
9011020027300000,2,205330000135869586,,,1,1205330000103330250,3
9011020027300000,4,205330000135869657,,,1,1205330000103330146,5
9011020027300000,2,205330000136325011,,,1,1205330000109296857,15
9011020027300000,4,205330000136324741,,,1,1205330000109296857,9
9011020027300000,2,205330000136324832,,,1,1205330000109296857,11
9011020027300000,2,205330000136364991,,,1,1205330000109561972,7
9011020027300000,2,205330000136324921,,,1,1205330000109296857,13
9011020027300000,2,205330000130344162,,,0,1205330000121239463,18
9011020027300000,2,205330000131648074,,,0,1205330000122459902,2
9011020027300000,4,205330000135869994,,,0,1205330000121239463,12
9011020027300000,2,205330000135870072,,,0,1205330000121239463,14
9011020027300000,2,205330000135870148,,,0,1205330000121239463,16
9011020027300000,4,205330000136325234,,,0,1205330000122460009,10
9011020027300000,4,205330000136325177,,,0,1205330000122459964,6
9011020027300000,2,205330000136365082,,,0,1205330000121183233,8
9011020027300000,2,205330000136325102,,,0,1205330000121183233,4
9011020027400000,4,205330000135870787,,,1,1205330000135870241,9
9011020027400000,4,205330000135870899,,,1,1205330000135870241,11
9011020027400000,2,205330000135871011,,,1,1205330000135870241,13
9011020027400000,2,205330000135871121,,,1,1205330000135870241,15
9011020027400000,2,205330000136325528,,,1,1205330000135870196,1
9011020027400000,4,205330000136325639,,,1,1205330000135870196,3
9011020027400000,2,205330000136325752,,,1,1205330000135870196,7
9011020027400000,4,205330000135871232,,,0,1205330000135870284,4
9011020027400000,2,205330000135871865,,,0,1205330000135870373,2
9011020027400000,2,205330000136325871,,,0,1205330000135870328,8
9011020027400000,4,205330000136325975,,,0,1205330000135870328,10
9011020027400000,4,205330000136326081,,,0,1205330000135870328,12
9011020027400000,2,205330000136326291,,,0,1205330000135870328,16
9011020027400000,2,205330000136326187,,,0,1205330000135870328,14
9011020027500000,4,205330000135872146,,,1,1205330000095911614,3
9011020027500000,2,205330000135872222,,,1,1205330000095911614,1
9011020027500000,4,205330000136326669,,,1,1205330000095911571,7
9011020027500000,4,205330000136326593,,,1,1205330000095911571,5
9011020027500000,2,205330000136326750,,,1,1205330000095911719,9
9011020027500000,4,205330000136326819,,,1,1205330000122539378,11
9011020027500000,2,205330000135872388,,,0,1205330000102652366,10
9011020027500000,4,205330000135872564,,,0,1205330000095911826,6
9011020027500000,4,205330000135872640,,,0,1205330000095911826,8
9011020027500000,4,205330000136326899,,,0,1205330000105838679,4
9011020027500000,2,205330000136326980,,,0,1205330000105838679,2
9011020027600000,4,205330000136327504,,,1,1205330000095913439,1
9011020027600000,4,205330000136327620,,,1,1205330000135873089,5
9011020027600000,4,205330000136327409,,,1,1205330000135873089,3
9011020027600000,4,205330000136327831,,,0,1205330000095913543,4
9011020027600000,4,205330000136327736,,,0,1205330000122241319,2
9011020027700000,4,205330000135874975,,,1,1205330000135874694,1
9011020027700000,4,205330000136328946,,,1,1205330000135874642,9
9011020027700000,4,205330000136329047,,,1,1205330000135874586,7
9011020027700000,4,205330000136328851,,,1,1205330000135874586,5
9011020027700000,4,205330000135875459,,,0,1205330000104643838,10
9011020027700000,4,205330000135875365,,,0,1205330000104643838,8
9011020027700000,4,205330000135875271,,,0,1205330000104643838,6
9011020027700000,4,205330000136329148,,,0,1205330000104643886,2
9011020028100000,4,205330000135875778,,,1,1205330000095916731,9
9011020028100000,2,205330000136329616,,,1,1205330000131650519,3
9011020028100000,2,205330000136329921,,,1,1205330000095916949,7
9011020028100000,2,205330000136329464,,,1,1205330000109300285,1
9011020028100000,2,205330000136329767,,,1,1205330000105840305,5
9011020028100000,4,205330000136330065,,,1,1205330000095916544,11
9011020028100000,1,205330000136330216,,,1,1205330000095916636,201
9011020028100000,3,205330100136330216,,,1,1205330000095916636,301
9011020028200000,4,205330000136331001,,,1,1205330000115226664,7
9011020028200000,2,205330000136331115,,,1,1205330000101468411,5
9011020028200000,2,205330000136330392,,,1,1205330000101468622,13
9011020028200000,2,205330000136330539,,,1,1205330000101468622,15
9011020028200000,1,205330000136330686,,,1,1205330000101468622,201
9011020028200000,2,205330000136331263,,,1,1205330000101468411,11
9011020028200000,4,205330000136331430,,,1,1205330000109300671,3
9011020028200000,4,205330000136331577,,,1,1205330000135876739,1
9011020028200000,2,205330000136330835,,,1,1205330000101468622,9
9011020028200000,3,205330100136330686,,,1,1205330000101468622,301
9011020029100000,2,205330000135878950,,,1,1205330000135878123,501
9011020029100000,4,205330000136331716,,,1,1205330000135877890,513
9011020029100000,2,205330000136332046,,,1,1205330000135878059,503
9011020029100000,2,205330000136331863,,,1,1205330000135877929,507
9011020029100000,2,205330000136332077,,,1,1205330000135878168,505
9011020029100000,2,205330000136331758,,,1,1205330000135877890,515
9011020029100000,2,205330000136331924,,,1,1205330000135877995,519
9011020029100000,4,205330000136331798,,,1,1205330000135877890,517
9011020029100000,2,205330000136331985,,,1,1205330000135877995,521
9011020029100000,2,205330000135879019,,,0,1205330000135455431,506
9011020029100000,2,205330000135879271,,,0,1205330000135878334,514
9011020029100000,2,205330000136332613,,,0,1205330000135878403,526
9011020029100000,2,205330000136332326,,,0,1205330000135878363,520
9011020029100000,4,205330000136332389,,,0,1205330000135878403,522
9011020029100000,2,205330000136332723,,,0,1205330000135878469,530
9011020029100000,2,205330000136332132,,,0,1205330000135878215,518
9011020029100000,29,205330000136332233,,,0,1205330000135878282,510
9011020029100000,2,205330000136332502,,,0,1205330000135878403,524
9011020029200000,4,205330000130353872,,,1,1205330000130353788,1
9011020029200000,4,205330000135879863,,,1,1205330000130353788,5
9011020029200000,4,205330000130353951,,,0,1205330000105047299,2
9011020029200000,4,205330000135879905,,,0,1205330000105047299,6
9011020029300000,1,205330000135880457,,,1,1205330000135333493,201
9011020029300000,2,205330000135880528,,,1,1205330000135879962,15
9011020029300000,4,205330000135881034,,,1,1205330000135880086,7
9011020029300000,2,205330000135880816,,,1,1205330000135880023,11
9011020029300000,2,205330000136332919,,,1,1205330000106347377,13
9011020029300000,4,205330000136333136,,,1,1205330000109302651,9
9011020029300000,1,205330000136332989,,,1,1205330000106347377,203
9011020029300000,1,205330000136333059,,,1,1205330000106347377,205
9011020029300000,2,205330000136333208,,,1,1205330000106347566,5
9011020029300000,2,205330000136333285,,,1,1205330000130354171,3
9011020029300000,9,205330000136333357,,,1,1205330000135880149,107
9011020029300000,3,205330100136332989,,,1,1205330000106347377,303
9011020029300000,3,205330100136333059,,,1,1205330000106347377,305
9011020029300000,4,205330000113848686,,,0,1205330000104646679,104
9011020029300000,2,205330000130355638,,,0,1205330000106347627,2
9011020029300000,4,205330000130355192,,,0,1205330000130354239,14
9011020029300000,2,205330000130355419,,,0,1205330000106347952,10
9011020029300000,2,205330000133388655,,,0,1205330000106347627,8
9011020029300000,1,205330000135881391,,,0,1205330000106347627,204
9011020029300000,2,205330000135881279,,,0,1205330000135880212,4
9011020029300000,1,205330000135881500,,,0,1205330000106347627,206
9011020029300000,1,205330000135881609,,,0,1205330000106347627,208
9011020029300000,2,205330000136333459,,,0,1205330000135880277,16
9011020029300000,4,205330000136333572,,,0,1205330000135880341,6
9011020029300000,3,205330100135881500,,,0,1205330000106347627,306
9011020029300000,3,205330100135881609,,,0,1205330000106347627,308
9011020029300000,3,205330100135881391,,,0,1205330000106347627,304
9011020029400000,2,205330000131652236,,,1,1205330000129336124,5
9011020029400000,1,205330000135336552,,,1,1205330000122539961,201
9011020029400000,1,205330000135336747,,,1,1205330000122539961,203
9011020029400000,1,205330000135883985,,,1,1205330000122539961,205
9011020029400000,2,205330000135883095,,,1,1205330000135882027,27
9011020029400000,2,205330000135883291,,,1,1205330000135882138,31
9011020029400000,3,205330000135884376,,,1,1205330000122539741,307
9011020029400000,2,205330000135885647,,,1,1205330000129336013,3
9011020029400000,2,205330000135885844,,,1,1205330000135882311,17
9011020029400000,4,205330000135885992,,,1,1205330000135882421,9
9011020029400000,2,205330000135886346,,,1,1205330000135882476,7
9011020029400000,4,205330000135882689,,,1,1205330000135881908,23
9011020029400000,2,205330000135883443,,,1,1205330000122461541,33
9011020029400000,2,205330000135883590,,,1,1205330000122539961,35
9011020029400000,2,205330000135884973,,,1,1205330000122539961,39
9011020029400000,2,205330000135885168,,,1,1205330000122539961,41
9011020029400000,2,205330000135885363,,,1,1205330000122539961,13
9011020029400000,2,205330000135885502,,,1,1205330000135882266,1
9011020029400000,4,205330000135886144,,,1,1205330000130356141,11
9011020029400000,1,205330000135334395,,,1,1205330000122539741,207
9011020029400000,4,205330000135882845,,,1,1205330000122461541,25
9011020029400000,4,205330000135882947,,,1,1205330000122461541,29
9011020029400000,2,205330000135883786,,,1,1205330000122539851,43
9011020029400000,3,205330000135884181,,,1,1205330000122539961,305
9011020029400000,2,205330000135884580,,,1,1205330000122540183,21
9011020029400000,2,205330000135884778,,,1,1205330000122539961,19
9011020029400000,3,205330100135336747,,,1,1205330000122539961,303
9011020029500000,2,205330000135889250,,,1,1205330000129337613,29
9011020029500000,2,205330000135890624,,,1,1205330000135887388,7
9011020029500000,1,205330000135891724,,,1,1205330000135887753,201
9011020029500000,2,205330000135888291,,,1,1205330000129337316,17
9011020029500000,2,205330000135890038,,,1,1205330000135887096,15
9011020029500000,4,205330000130364901,,,1,1205330000091297746,111
9011020029500000,2,205330000135888484,,,1,1205330000129337316,19
9011020029500000,2,205330000135888677,,,1,1205330000129337316,43
9011020029500000,2,205330000135889105,,,1,1205330000129337727,31
9011020029500000,2,205330000135889454,,,1,1205330000135886857,25
9011020029500000,4,205330000135889843,,,1,1205330000131510801,21
9011020029500000,2,205330000135890479,,,1,1205330000135887330,45
9011020029500000,1,205330000135891296,,,1,1205330000135887627,205
9011020029500000,3,205330000135891487,,,1,1205330000135887515,301
9011020029500000,2,205330000135888099,,,1,1205330000129337613,37
9011020029500000,2,205330000135890183,,,1,1205330000131510455,9
9011020029500000,2,205330000135890770,,,1,1205330000131510455,3
9011020029500000,1,205330000135890913,,,1,1205330000135887515,203
9011020029500000,3,205330000135891104,,,1,1205330000135887515,305
9011020029500000,4,205330000135891626,,,1,1205330000131510628,13
9011020029500000,2,205330000136334063,,,1,1205330000135886689,35
9011020029500000,2,205330000136334208,,,1,1205330000135886743,33
9011020029500000,2,205330000136334405,,,1,1205330000135886981,23
9011020029500000,2,205330000136333918,,,1,1205330000135886576,41
9011020029500000,2,205330000136334611,,,1,1205330000135887209,11
9011020029600000,9,205330000135892060,,,1,1205330000113857854,113
9011020029600000,4,205330000135891990,,,1,1205330000135891871,13
9011020029600000,2,205330000135892026,,,1,1205330000135891871,15
9011020029600000,2,205330000130365615,,,0,1205330000126187910,4
9011020029600000,2,205330000135892112,,,0,1205330000135891914,2
9011020029700000,2,205330000130365921,,,1,1205330000122252552,11
9011020029700000,4,205330000135892543,,,1,1205330000122252609,3
9011020029700000,4,205330000135892487,,,1,1205330000122252552,5
9011020029700000,2,205330000135892435,,,1,1205330000122252552,1
9011020029700000,4,205330000135892897,,,0,1205330000135892327,8
9011020029700000,4,205330000135892598,,,0,1205330000122252667,2
9011020029700000,2,205330000135892698,,,0,1205330000122252667,6
9011020029700000,2,205330000136334990,,,0,1205330000135892268,10
9011020029800000,2,205330000135893971,,,1,1205330000135893001,49
9011020029800000,1,205330000135894107,,,1,1205330000135893046,201
9011020029800000,1,205330000135896604,,,1,1205330000109310340,203
9011020029800000,2,205330000135896517,,,1,1205330000109310340,1
9011020029800000,1,205330000135896691,,,1,1205330000109310340,205
9011020029800000,3,205330000135896867,,,1,1205330000109310340,307
9011020029800000,2,205330000135895967,,,1,1205330000109310340,5
9011020029800000,2,205330000135897044,,,1,1205330000135893001,43
9011020029800000,1,205330000135896778,,,1,1205330000109310340,207
9011020029800000,3,205330000135896955,,,1,1205330000109310340,309
9011020029800000,1,205330000136335185,,,1,1205330000135892954,603
9011020029800000,2,205330000136335502,,,1,1205330000135893108,11
9011020029800000,2,205330000136335629,,,1,1205330000135893108,17
9011020029800000,2,205330000136337509,,,1,1205330000135893108,3
9011020029800000,1,205330000136335089,,,1,1205330000135892954,601
9011020029800000,2,205330000136336645,,,1,1205330000135893108,33
9011020029800000,2,205330000136337043,,,1,1205330000135893221,9
9011020029800000,2,205330000136337387,,,1,1205330000109310579,31
9011020029800000,3,205330000136335285,,,1,1205330000135892954,705
9011020029800000,2,205330000136335883,,,1,1205330000135893108,21
9011020029800000,2,205330000136336137,,,1,1205330000135893108,25
9011020029800000,2,205330000136336518,,,1,1205330000135893108,35
9011020029800000,2,205330000136336772,,,1,1205330000135893108,39
9011020029800000,2,205330000136335383,,,1,1205330000135892954,47
9011020029800000,2,205330000136335756,,,1,1205330000135893108,19
9011020029800000,2,205330000136336010,,,1,1205330000135893108,23
9011020029800000,2,205330000136336264,,,1,1205330000135893108,27
9011020029800000,2,205330000136336391,,,1,1205330000135893108,29
9011020029800000,2,205330000136336899,,,1,1205330000135893108,45
9011020029800000,2,205330000136337163,,,1,1205330000109310579,7
9011020029800000,4,205330000136337274,,,1,1205330000109310579,13
9011020029800000,3,205330100135896604,,,1,1205330000109310340,305
9011020029800000,3,205330100136335089,,,1,1205330000135892954,701
9011020029800000,3,205330100136335185,,,1,1205330000135892954,703
9011020029800000,2,205330000130369609,,,0,1205330000109310733,6
9011020029800000,2,205330000135898115,,,0,1205330000135893380,16
9011020029800000,2,205330000135898395,,,0,1205330000135893380,20
9011020029800000,2,205330000135898816,,,0,1205330000135893380,30
9011020029800000,2,205330000135899432,,,0,1205330000129341259,32
9011020029800000,2,205330000135899631,,,0,1205330000129341259,48
9011020029800000,1,205330000135899829,,,0,1205330000129341259,208
9011020029800000,3,205330000135899929,,,0,1205330000129341259,310
9011020029800000,1,205330000135900174,,,0,1205330000135893543,602
9011020029800000,1,205330000135900372,,,0,1205330000135893543,606
9011020029800000,3,205330000135900570,,,0,1205330000135338494,306
9011020029800000,2,205330000135897415,,,0,1205330000135893380,4
9011020029800000,2,205330000135897555,,,0,1205330000135893380,8
9011020029800000,2,205330000135898535,,,0,1205330000135893380,24
9011020029800000,2,205330000135899338,,,0,1205330000135338542,28
9011020029800000,1,205330000135899730,,,0,1205330000129341259,204
9011020029800000,3,205330000135900674,,,0,1205330000135893591,702
9011020029800000,2,205330000135897695,,,0,1205330000135893380,10
9011020029800000,2,205330000135897835,,,0,1205330000135893380,12
9011020029800000,2,205330000135898676,,,0,1205330000135893380,26
9011020029800000,2,205330000135899532,,,0,1205330000129341259,38
9011020029800000,1,205330000135900470,,,0,1205330000135338494,206
9011020029800000,2,205330000135897975,,,0,1205330000135893380,14
9011020029800000,2,205330000135898255,,,0,1205330000135893380,18
9011020029800000,2,205330000135898957,,,0,1205330000135893380,34
9011020029800000,2,205330000135899098,,,0,1205330000135893380,40
9011020029800000,2,205330000135900060,,,0,1205330000135893380,44
9011020029800000,1,205330000135900273,,,0,1205330000135893543,604
9011020029800000,3,205330000135900769,,,0,1205330000135338317,308
9011020029800000,1,205330000136337717,,,0,1205330000135893332,202
9011020029800000,2,205330000136337618,,,0,1205330000135893332,2
9011020029800000,4,205330000136337846,,,0,1205330000135893465,22
9011020029800000,3,205330100135900372,,,0,1205330000135893543,704
9011020029900000,4,205330000130373000,,,1,1205330000091245967,3
9011020029900000,4,205330000135900969,,,1,1205330000091245967,1
9011020029900000,4,205330000135901008,,,0,1205330000091246000,2
9011020029900000,4,205330000130373071,,,0,1205330000091246000,4
9011020030000000,4,205330000135901366,,,1,1205330000091245727,1
9011020030000000,4,205330000135901422,,,1,1205330000095950136,5
9011020030000000,4,205330000135901392,,,1,1205330000091245727,3
9011020030000000,4,205330000116096402,,,0,1205330000091245778,2
9011020030000000,4,205330000116096323,,,0,1205330000091245803,6
9011020030000000,4,205330000135901478,,,0,1205330000091245778,4
9011020030000000,30,205330000135901451,,,0,1205330000091245803,8
9011020030100000,26,205330000135901933,,,1,1205330000105860743,517
9011020030100000,4,205330000135902057,,,1,1205330000105860956,3
9011020030100000,4,205330000132030100,,,1,1205330000105860789,15
9011020030100000,4,205330000135901836,,,1,1205330000135901549,507
9011020030100000,26,205330000135902109,,,1,1205330000135901639,19
9011020030100000,4,205330000135901880,,,1,1205330000105860789,17
9011020030100000,9,205330000135901991,,,1,1205330000135901581,519
9011020030100000,4,205330000135902170,,,1,1205330000135901698,117
9011020030100000,4,205330000135902218,,,1,1205330000105860919,505
9011020030100000,4,205330000135901798,,,1,1205330000135901495,5
9011020030100000,30,205330100132030100,,,1,1205330000105860789,515
9011020030200000,4,205330000130373931,,,1,1205330000122253976,1
9011020030200000,4,205330000130373955,,,0,1205330000122254007,2
9011020030200000,26,205330000130373982,,,0,1205330000122254007,4
9011020031100000,3,205330000135902632,,,1,1205330000126189839,301
9011020031100000,2,205330000135902946,,,1,1205330000126189839,17
9011020031100000,1,205330000135903050,,,1,1205330000126189839,201
9011020031100000,2,205330000135903157,,,1,1205330000126189985,13
9011020031100000,2,205330000135903265,,,1,1205330000132030205,9
9011020031100000,2,205330000135903687,,,1,1205330000122384511,11
9011020031100000,2,205330000130375031,,,1,1205330000126189932,5
9011020031100000,3,205330000135902738,,,1,1205330000126189839,303
9011020031100000,2,205330000135902842,,,1,1205330000126189839,15
9011020031100000,2,205330000135903483,,,1,1205330000126189985,3
9011020031100000,2,205330000135903592,,,1,1205330000135902465,1
9011020031100000,4,205330000135903373,,,1,1205330000126189884,7
9011020031100000,4,205330000130376352,,,0,1205330000126190288,6
9011020031100000,2,205330000131390576,,,0,1205330000131390412,8
9011020031100000,2,205330000131390680,,,0,1205330000131390471,2
9011020031100000,2,205330000135903732,,,0,1205330000126190322,4
9011020031100000,2,205330000135903845,,,0,1205330000126190082,20
9011020031100000,3,205330000135903956,,,0,1205330000126190082,304
9011020031100000,2,205330000135904065,,,0,1205330000126190082,18
9011020031100000,2,205330000135904517,,,0,1205330000126190179,12
9011020031100000,9,205330000135904628,,,0,1205330000126190179,112
9011020031100000,2,205330000135904851,,,0,1205330000126190179,10
9011020031100000,3,205330000130375816,,,0,1205330000126190082,302
9011020031100000,2,205330000135904288,,,0,1205330000135902514,14
9011020031100000,9,205330000135904743,,,0,1205330000135902564,106
9011020031100000,1,205330000135904174,,,0,1205330000126190082,202
9011020031100000,4,205330000135904403,,,0,1205330000135902514,16
9011020031300000,4,205330000135906002,,,1,1205330000135905835,1
9011020031300000,4,205330000135905961,,,1,1205330000135905786,5
9011020031300000,4,205330000135905922,,,1,1205330000135905786,3
9011020031400000,4,205330000135906271,,,1,1205330000135906010,7
9011020031400000,4,205330000135906332,,,1,1205330000135906010,9
9011020031400000,4,205330000135906388,,,1,1205330000135906081,1
9011020031400000,4,205330000135906443,,,1,1205330000135906148,3
9011020031500000,4,205330000132031327,,,1,1205330000132031236,1
9011020031500000,4,205330000135906477,,,0,1205330000132031270,2
9011020031500000,4,205330000135906504,,,0,1205330000132031270,4
9011020031600000,4,205330000130378112,,,1,1205330000102664150,3
9011020031600000,4,205330000135906666,,,1,1205330000126194587,1
9011020031600000,4,205330000135906717,,,0,1205330000135906512,2
9011020031600000,20,205330000135906764,,,0,1205330000135906565,4
9011020031700000,31,205330000130378454,,,1,1205330000109323482,505
9011020031700000,3,205330000131661071,,,1,1205330000104670694,907
9011020031700000,2,205330000135907903,,,1,1205330000115235132,7
9011020031700000,2,205330000135907997,,,1,1205330000126195325,13
9011020031700000,4,205330000135908036,,,1,1205330000132031448,113
9011020031700000,2,205330000135907625,,,1,1205330000126194926,1
9011020031700000,1,205330000135908477,,,1,1205330000109323230,201
9011020031700000,1,205330000135908662,,,1,1205330000109323230,803
9011020031700000,2,205330000135908739,,,1,1205330000109323322,21
9011020031700000,2,205330000135907803,,,1,1205330000109323528,405
9011020031700000,2,205330000135908198,,,1,1205330000109323845,17
9011020031700000,3,205330000135908385,,,1,1205330000109323230,301
9011020031700000,7,205330000131391223,,,1,1205330000109323719,11
9011020031700000,2,205330000135907708,,,1,1205330000135906774,3
9011020031700000,4,205330000135908115,,,1,1205330000109323768,15
9011020031700000,2,205330000135908294,,,1,1205330000109323230,119
9011020031700000,2,205330000135908571,,,1,1205330000109323230,23
9011020031700000,32,205330000136338478,,,1,1205330000132031448,117
9011020031700000,4,205330000136338436,,,1,1205330000132031448,115
9011020031700000,3,205330100135908662,,,1,1205330000109323230,903
9011020031700000,3,205330000135909710,,,0,1205330000135907275,504
9011020031700000,2,205330000135910080,,,0,1205330000135907455,6
9011020031700000,2,205330000135908818,,,0,1205330000135906857,124
9011020031700000,2,205330000135909363,,,0,1205330000135907179,12
9011020031700000,33,205330000135909481,,,0,1205330000126195586,514
9011020031700000,1,205330000135909878,,,0,1205330000135906857,808
9011020031700000,2,205330000135909976,,,0,1205330000135907275,704
9011020031700000,2,205330000135908899,,,0,1205330000135906857,22
9011020031700000,20,205330000135909098,,,0,1205330000126195552,28
9011020031700000,4,205330000135909177,,,0,1205330000135907016,14
9011020031700000,2,205330000135909264,,,0,1205330000135907097,16
9011020031700000,1,205330000135909412,,,0,1205330000104671180,402
9011020031700000,2,205330000135909442,,,0,1205330000126195552,414
9011020031700000,34,205330000135909522,,,0,1205330000105868167,516
9011020031700000,1,205330000135909614,,,0,1205330000135907275,404
9011020031700000,2,205330000135909797,,,0,1205330000135907370,8
9011020031700000,2,205330000135908980,,,0,1205330000135906857,20
9011020031700000,2,205330000135909062,,,0,1205330000135906936,18
9011020031700000,3,205330100135909412,,,0,1205330000104671180,502
9011020031700000,3,205330100135909878,,,0,1205330000135906857,908
9011020031800000,35,205330000135911914,,,1,1205330000122261186,5
9011020031800000,4,205330000135912013,,,1,1205330000126205464,1
9011020031800000,4,205330000135911890,,,1,1205330000126205520,7
9011020031800000,4,205330000135911939,,,1,1205330000122261186,9
9011020031800000,20,205330000135911963,,,1,1205330000122261186,11
9011020031800000,4,205330000135912070,,,0,1205330000126205612,4
9011020031800000,35,205330000135912038,,,0,1205330000122261311,6
9011020031800000,20,205330000135912152,,,0,1205330000126205556,10
9011020031800000,4,205330000135912098,,,0,1205330000122261342,2
9011020031800000,4,205330000135912207,,,0,1205330000126205556,8
9011020031900000,4,205330000135912820,,,1,1205330000135912754,1
9011020031900000,20,205330000135912864,,,0,1205330000135912779,4
9011020031900000,4,205330000135912840,,,0,1205330000135912779,2
9011020032100000,2,205330000131517632,,,1,1205330000126207616,5
9011020032100000,4,205330000131517544,,,1,1205330000126207514,7
9011020032100000,2,205330000131517805,,,1,1205330000126207666,3
9011020032100000,2,205330000131517890,,,1,1205330000126207666,11
9011020032100000,2,205330000135913540,,,1,1205330000095964989,1
9011020032100000,3,205330000135913664,,,1,1205330000126207666,301
9011020032100000,9,205330000135913440,,,1,1205330000135913267,109
9011020032100000,1,205330000135913578,,,1,1205330000126207666,201
9011020032100000,4,205330000135913352,,,1,1205330000135913217,9
9011020032100000,2,205330000130384688,,,0,1205330000126207715,6
9011020032100000,2,205330000130384424,,,0,1205330000126207808,12
9011020032100000,2,205330000130384891,,,0,1205330000096733990,2
9011020032100000,4,205330000135913848,,,0,1205330000131206001,8
9011020032100000,9,205330000135913951,,,0,1205330000115240155,110
9011020032100000,1,205330000135914020,,,0,1205330000126207715,202
9011020032100000,4,205330000135913902,,,0,1205330000115240194,10
9011020032100000,2,205330000135913749,,,0,1205330000126207945,4
9011020032100000,3,205330100135914020,,,0,1205330000126207715,302
9011020032200000,2,205330000130385934,,,1,1205330000126212461,1
9011020032200000,2,205330000130386302,,,1,1205330000126212415,3
9011020032200000,2,205330000130386769,,,1,1205330000126212415,19
9011020032200000,2,205330000130386019,,,1,1205330000126212461,23
9011020032200000,2,205330000130386209,,,1,1205330000126212499,17
9011020032200000,4,205330000135915055,,,1,1205330000126212415,11
9011020032200000,2,205330000135914866,,,1,1205330000126212415,5
9011020032200000,2,205330000135914961,,,1,1205330000126212415,9
9011020032200000,2,205330000135915151,,,1,1205330000126212415,13
9011020032200000,4,205330000135914769,,,1,1205330000126212499,15
9011020032200000,2,205330000131206883,,,0,1205330000126212633,18
9011020032200000,2,205330000131207110,,,0,1205330000126212596,2
9011020032200000,2,205330000131207180,,,0,1205330000126212596,24
9011020032200000,2,205330000131206961,,,0,1205330000126212633,20
9011020032200000,2,205330000135915327,,,0,1205330000135914681,4
9011020032200000,4,205330000135915647,,,0,1205330000126212633,16
9011020032200000,2,205330000135915248,,,0,1205330000126212546,6
9011020032200000,2,205330000135915568,,,0,1205330000126212633,14
9011020032200000,2,205330000135915408,,,0,1205330000126212633,10
9011020032200000,4,205330000135915487,,,0,1205330000126212633,12
9011020032300000,9,205330000131673367,,,1,1205330000129848719,171
9011020032300000,2,205330000131209024,,,1,1205330000126214561,19
9011020032300000,2,205330000131209364,,,1,1205330000126214561,23
9011020032300000,2,205330000131209194,,,1,1205330000126214561,21
9011020032300000,2,205330000131209534,,,1,1205330000126214561,25
9011020032300000,2,205330000131210230,,,1,1205330000126214641,15
9011020032300000,2,205330000135916001,,,1,1205330000135915700,11
9011020032300000,36,205330000135916943,,,1,1205330000126214402,221
9011020032300000,2,205330000135917663,,,1,1205330000126214876,3
9011020032300000,1,205330000135916580,,,1,1205330000135915782,203
9011020032300000,2,205330000135917491,,,1,1205330000126214715,5
9011020032300000,37,205330000135918008,,,1,1205330000126214876,201
9011020032300000,3,205330000135918190,,,1,1205330000126214876,303
9011020032300000,37,205330000135916179,,,1,1205330000126214561,205
9011020032300000,9,205330000135916752,,,1,1205330000126214402,117
9011020032300000,2,205330000135917144,,,1,1205330000135915859,9
9011020032300000,2,205330000135917317,,,1,1205330000135915859,13
9011020032300000,4,205330000135917835,,,1,1205330000126214876,7
9011020032300000,4,205330000131673782,,,1,1205330000126214561,17
9011020032300000,36,205330000135916380,,,1,1205330000129848719,225
9011020032300000,38,205330100135918008,,,1,1205330000126214876,301
9011020032300000,38,205330100135916179,,,1,1205330000126214561,305
9011020032300000,1,205330100131209534,,,1,1205330000126214561,207
9011020032300000,39,205330100135916380,,,1,1205330000129848719,335
9011020032300000,39,205330100135916943,,,1,1205330000126214402,331
9011020032300000,3,205330200131209534,,,1,1205330000126214561,307
9011020032400000,4,205330000135918760,,,1,1205330000135918309,9
9011020032400000,4,205330000135918938,,,1,1205330000135918353,15
9011020032400000,9,205330000135919291,,,1,1205330000135918398,25
9011020032400000,4,205330000135919648,,,1,1205330000135918309,11
9011020032400000,4,205330000135918849,,,1,1205330000135918353,3
9011020032400000,2,205330000135919107,,,1,1205330000135918398,7
9011020032400000,9,205330000135919190,,,1,1205330000135918398,21
9011020032400000,1,205330000135919392,,,1,1205330000135918398,201
9011020032400000,4,205330000135919735,,,1,1205330000135918440,13
9011020032400000,9,205330000135919820,,,1,1205330000135918484,23
9011020032400000,2,205330000135919023,,,1,1205330000135918398,5
9011020032400000,1,205330000135919476,,,1,1205330000135918398,203
9011020032400000,3,205330000135919562,,,1,1205330000135918398,303
9011020032400000,3,205330100135919392,,,1,1205330000135918398,301
9011020032400000,1,205330000135919921,,,0,1205330000135918526,202
9011020032400000,4,205330000135920616,,,0,1205330000135918673,4
9011020032400000,2,205330000135920269,,,0,1205330000135918526,8
9011020032400000,3,205330000135920437,,,0,1205330000135918526,304
9011020032400000,4,205330000135920524,,,0,1205330000135918624,6
9011020032400000,4,205330000135920013,,,0,1205330000135918572,14
9011020032400000,2,205330000135920101,,,0,1205330000135918526,10
9011020032400000,2,205330000135920185,,,0,1205330000135918526,12
9011020032400000,1,205330000135920353,,,0,1205330000135918526,204
9011020032400000,3,205330100135919921,,,0,1205330000135918526,302
9011020032500000,2,205330000131213163,,,1,1205330000113890210,1
9011020032500000,4,205330000131518891,,,1,1205330000131518792,7
9011020032500000,2,205330000131212944,,,1,1205330000113890165,15
9011020032500000,4,205330000135920702,,,1,1205330000113890240,11
9011020032500000,2,205330000135920741,,,1,1205330000113890240,3
9011020032500000,4,205330000135920799,,,1,1205330000113890364,5
9011020032500000,2,205330000135920776,,,1,1205330000113890240,13
9011020032500000,4,205330000131674853,,,1,1205330000126220886,9
9011020032500000,2,205330000131213366,,,0,1205330000113890576,8
9011020032500000,4,205330000131674929,,,0,1205330000113890576,6
9011020032500000,4,205330000135920837,,,0,1205330000113890394,10
9011020032500000,2,205330000135920874,,,0,1205330000113890576,2
9011020032500000,4,205330000132037218,,,0,1205330000126221009,4
9011020032500000,2,205330000135920898,,,0,1205330000113890426,12
9011020032500000,2,205330000135920921,,,0,1205330000113890426,14
9011020032600000,4,205330000130392593,,,1,1205330000101488621,5
9011020032600000,4,205330000130392611,,,1,1205330000101488621,7
9011020032600000,4,205330000131676381,,,1,1205330000131676338,3
9011020034100000,2,205330000135922401,,,1,1205330000135921693,23
9011020034100000,1,205330000135922596,,,1,1205330000135921693,203
9011020034100000,3,205330000135922693,,,1,1205330000135921693,303
9011020034100000,9,205330000135923185,,,1,1205330000135922004,107
9011020034100000,2,205330000135923615,,,1,1205330000135922004,3
9011020034100000,2,205330000135923715,,,1,1205330000135922004,11
9011020034100000,2,205330000135922498,,,1,1205330000135921693,25
9011020034100000,4,205330000135922897,,,1,1205330000135921769,17
9011020034100000,2,205330000135923415,,,1,1205330000135922168,19
9011020034100000,4,205330000135922998,,,1,1205330000135921848,9
9011020034100000,4,205330000135923082,,,1,1205330000135921925,5
9011020034100000,2,205330000135923515,,,1,1205330000135922004,1
9011020034100000,2,205330000135923815,,,1,1205330000135922004,13
9011020034100000,2,205330000135922304,,,1,1205330000135921693,21
9011020034100000,4,205330000135922794,,,1,1205330000135921769,15
9011020034100000,4,205330000135923308,,,1,1205330000135922083,7
9011020034100000,1,205330000135923916,,,1,1205330000135922004,201
9011020034100000,3,205330100135923916,,,1,1205330000135922004,301
9011020034200000,1,205330000135457423,,,1,1205330000028032180,603
9011020034200000,15,205330000135457404,,,1,1205330000028032180,105
9011020034200000,2,205330000135457387,,,1,1205330000028032180,101
9011020034200000,1,205330100135457387,,,1,1205330000028032180,601
9011020034200000,3,205330100135457423,,,1,1205330000028032180,703
9011020034200000,3,205330200135457387,,,1,1205330000028032180,701
9011020034200000,15,205330000135457467,,,0,1205330000028032202,106
9011020034200000,2,205330000135457444,,,0,1205330000028032202,102
9011020034200000,1,205330000135457492,,,0,1205330000028032202,604
9011020034200000,1,205330100135457444,,,0,1205330000028032202,602
9011020034200000,3,205330100135457492,,,0,1205330000028032202,704
9011020034200000,3,205330200135457444,,,0,1205330000028032202,702
9011020034300000,4,205330000136339104,,,1,1205330000135926567,5
9011020034300000,4,205330000136338995,,,1,1205330000135926517,1
9011020034300000,4,205330000136339058,,,1,1205330000135926517,3
9011020034300000,4,205330000135926812,,,0,1205330000135926596,2
9011020034400000,4,205330000135928465,,,1,1205330000135928274,9
9011020034400000,4,205330000135928629,,,1,1205330000135457512,13
9011020034400000,4,205330000135928550,,,1,1205330000135928274,11
9011020034400000,4,205330000135928380,,,1,1205330000135928210,3
9011020034400000,4,205330000135928700,,,1,1205330000135457566,15
9011020034500000,3,205330000135931244,,,1,1205330000093201653,303
9011020034500000,7,205330000135931324,,,1,1205330000093201653,7
9011020034500000,3,205330000113899022,,,0,1205330000095991193,304
9011020034500000,7,205330000135931402,,,0,1205330000095991193,14
9011020035000000,2,205330000135932612,,,1,1205330000135931506,9
9011020035000000,1,205330000135933306,,,1,1205330000135931536,203
9011020035000000,1,205330000135933538,,,1,1205330000135931536,211
9011020035000000,3,205330000135933772,,,1,1205330000135931536,311
9011020035000000,2,205330000135932842,,,1,1205330000135931536,19
9011020035000000,1,205330000135936176,,,1,1205330000135931680,207
9011020035000000,2,205330000135933074,,,1,1205330000135931536,27
9011020035000000,2,205330000135935465,,,1,1205330000135931680,1
9011020035000000,2,205330000135935702,,,1,1205330000135931680,5
9011020035000000,1,205330000135935939,,,1,1205330000135931680,201
9011020035000000,2,205330000136162802,,,1,1205330000135931536,23
9011020035000000,2,205330000136163022,,,1,1205330000135931506,13
9011020035000000,2,205330000136341248,,,1,1205330000135931578,37
9011020035000000,2,205330000136341604,,,1,1205330000135931635,3
9011020035000000,2,205330000136340876,,,1,1205330000135931578,17
9011020035000000,2,205330000136342712,,,1,1205330000135931446,29
9011020035000000,2,205330000136162339,,,1,1205330000135931536,39
9011020035000000,2,205330000136162571,,,1,1205330000135931536,31
9011020035000000,1,205330000136163606,,,1,1205330000135931536,205
9011020035000000,1,205330000136163837,,,1,1205330000135931536,209
9011020035000000,2,205330000136340497,,,1,1205330000135931446,25
9011020035000000,2,205330000136342337,,,1,1205330000135931446,21
9011020035000000,3,205330100135933306,,,1,1205330000135931536,303
9011020035000000,2,205330000136161875,,,1,1205330000135931680,15
9011020035000000,2,205330000136162107,,,1,1205330000135931536,35
9011020035000000,2,205330000136341958,,,1,1205330000135931635,7
9011020035000000,2,205330000136365358,,,1,1205330000135931446,33
9011020035000000,2,205330000136365720,,,1,1205330000135931635,11
9011020035000000,3,205330100135936176,,,1,1205330000135931680,307
9011020035000000,3,205330100136163606,,,1,1205330000135931536,305
9011020035000000,3,205330100135935939,,,1,1205330000135931680,301
9011020035000000,3,205330100136163837,,,1,1205330000135931536,309
9011020035000000,2,205330000135938863,,,0,1205330000135931897,22
9011020035000000,2,205330000135940103,,,0,1205330000135932093,28
9011020035000000,40,205330000135940322,,,0,1205330000135932133,124
9011020035000000,1,205330000135940468,,,0,1205330000135932163,206
9011020035000000,2,205330000135937165,,,0,1205330000135931727,10
9011020035000000,2,205330000135937396,,,0,1205330000135931727,14
9011020035000000,2,205330000135937627,,,0,1205330000135931727,40
9011020035000000,1,205330000135937858,,,0,1205330000135931727,202
9011020035000000,1,205330000135940704,,,0,1205330000135932163,210
9011020035000000,2,205330000136164811,,,0,1205330000136161372,34
9011020035000000,2,205330000136165273,,,0,1205330000136161372,4
9011020035000000,2,205330000136165973,,,0,1205330000135932163,26
9011020035000000,2,205330000136343095,,,0,1205330000135931770,12
9011020035000000,2,205330000136366354,,,0,1205330000135931928,2
9011020035000000,30,205330000136164522,,,0,1205330000136161415,520
9011020035000000,2,205330000136343613,,,0,1205330000135931835,36
9011020035000000,2,205330000136343876,,,0,1205330000135931928,6
9011020035000000,2,205330000136344381,,,0,1205330000135931993,32
9011020035000000,2,205330000136344625,,,0,1205330000135932043,30
9011020035000000,2,205330000136164075,,,0,1205330000136161324,8
9011020035000000,2,205330000136164306,,,0,1205330000136161372,18
9011020035000000,1,205330000136165733,,,0,1205330000136161372,208
9011020035000000,3,205330100135937858,,,0,1205330000135931727,302
9011020035000000,3,205330100135940704,,,0,1205330000135932163,310
9011020035000000,2,205330000136165042,,,0,1205330000136161372,38
9011020035000000,1,205330000136165503,,,0,1205330000136161372,204
9011020035000000,2,205330000136343354,,,0,1205330000135931835,20
9011020035000000,2,205330000136344138,,,0,1205330000135931928,16
9011020035000000,2,205330000136366083,,,0,1205330000135931993,24
9011020035000000,1,205330100135937627,,,0,1205330000135931727,212
9011020035000000,3,205330100135940468,,,0,1205330000135932163,306
9011020035000000,3,205330100136165733,,,0,1205330000136161372,308
9011020035000000,3,205330100136165503,,,0,1205330000136161372,304
9011020035000000,3,205330200135937627,,,0,1205330000135931727,312
9011020035100000,4,205330000132857354,,,1,1205330000132856199,19
9011020035100000,4,205330000132858416,,,1,1205330000132856569,15
9011020035100000,4,205330000135942879,,,1,1205330000132856134,27
9011020035100000,4,205330000135943133,,,1,1205330000132856199,23
9011020035100000,9,205330000135943258,,,1,1205330000132856569,111
9011020035100000,9,205330000135943462,,,1,1205330000132856364,105
9011020035100000,4,205330000135943751,,,1,1205330000132856569,13
9011020035100000,4,205330000135943878,,,1,1205330000132856569,17
9011020035100000,4,205330000135944002,,,1,1205330000132856569,21
9011020035100000,9,205330000135945353,,,1,1205330000132856569,129
9011020035100000,3,205330000135945741,,,1,1205330000132856569,303
9011020035100000,4,205330000135943625,,,1,1205330000132856466,5
9011020035100000,9,205330000135944513,,,1,1205330000132856569,115
9011020035100000,9,205330000135944653,,,1,1205330000132856569,117
9011020035100000,9,205330000135945074,,,1,1205330000132856569,123
9011020035100000,9,205330000135945213,,,1,1205330000132856569,125
9011020035100000,1,205330000135945494,,,1,1205330000132856569,201
9011020035100000,3,205330000135945618,,,1,1205330000132856569,301
9011020035100000,3,205330000135945864,,,1,1205330000132856569,305
9011020035100000,4,205330000135942768,,,1,1205330000135942479,91
9011020035100000,4,205330000135943366,,,1,1205330000096004609,7
9011020035100000,4,205330000135944126,,,1,1205330000132856569,25
9011020035100000,9,205330000135944794,,,1,1205330000132856569,119
9011020035100000,4,205330000132858172,,,1,1205330000132856569,3
9011020035100000,1,205330000132859436,,,1,1205330000132856569,203
9011020035100000,9,205330000135942987,,,1,1205330000132856134,127
9011020035100000,4,205330000135944250,,,1,1205330000132856569,29
9011020035100000,9,205330000135944373,,,1,1205330000132856569,103
9011020035100000,9,205330000135944934,,,1,1205330000132856569,121
9011020035100000,4,205330000135945989,,,1,1205330000132856282,11
9011020035100000,4,205330000131237611,,,0,1205330000096004938,14
9011020035100000,4,205330000135946100,,,0,1205330000132857110,92
9011020035100000,4,205330000135946731,,,0,1205330000132856649,8
9011020035100000,4,205330000135947201,,,0,1205330000132856649,36
9011020035100000,9,205330000135947514,,,0,1205330000132856649,104
9011020035100000,9,205330000135947687,,,0,1205330000132856649,108
9011020035100000,9,205330000135948555,,,0,1205330000132856649,130
9011020035100000,9,205330000135948727,,,0,1205330000132856649,136
9011020035100000,9,205330000135948900,,,0,1205330000132856649,138
9011020035100000,1,205330000135949074,,,0,1205330000132856649,202
9011020035100000,9,205330000135946241,,,0,1205330000132857110,192
9011020035100000,9,205330000135948033,,,0,1205330000132856649,112
9011020035100000,9,205330000135948207,,,0,1205330000132856649,120
9011020035100000,3,205330000135949386,,,0,1205330000132856649,302
9011020035100000,3,205330000135949542,,,0,1205330000132856649,304
9011020035100000,4,205330000135950200,,,0,1205330000132856946,30
9011020035100000,4,205330000135946575,,,0,1205330000132856649,6
9011020035100000,4,205330000135947044,,,0,1205330000132856649,12
9011020035100000,9,205330000135948381,,,0,1205330000132856649,122
9011020035100000,3,205330000135949698,,,0,1205330000132856649,306
9011020035100000,4,205330000135949882,,,0,1205330000132856946,20
9011020035100000,4,205330000135950041,,,0,1205330000132856946,22
9011020035100000,9,205330000135950615,,,0,1205330000135942604,132
9011020035100000,4,205330000132862431,,,0,1205330000132857110,2
9011020035100000,4,205330000135946418,,,0,1205330000132857027,4
9011020035100000,4,205330000135946888,,,0,1205330000132856649,10
9011020035100000,4,205330000135947357,,,0,1205330000132856649,38
9011020035100000,9,205330000135947860,,,0,1205330000132856649,110
9011020035100000,1,205330000135949230,,,0,1205330000132856649,204
9011020035100000,4,205330000135949807,,,0,1205330000096005244,18
9011020035100000,4,205330000135950338,,,0,1205330000135942544,28
9011020035100000,4,205330000135950435,,,0,1205330000132856729,32
9011020035100000,4,205330000135950759,,,0,1205330000096004938,24
9011020035200000,4,205330000131241149,,,1,1205330000091342204,13
9011020035200000,4,205330000131241592,,,1,1205330000096015375,1
9011020035200000,4,205330000131241514,,,1,1205330000096015321,5
9011020035200000,4,205330000135952638,,,1,1205330000091342204,19
9011020035200000,4,205330000135952821,,,1,1205330000096015375,11
9011020035200000,4,205330000135952981,,,1,1205330000091705882,9
9011020035200000,9,205330000135953236,,,1,1205330000091705882,123
9011020035200000,4,205330000135952444,,,1,1205330000091342246,17
9011020035200000,9,205330000135952726,,,1,1205330000091342204,119
9011020035200000,4,205330000135953061,,,1,1205330000091705882,23
9011020035200000,9,205330000135953551,,,1,1205330000100654575,103
9011020035200000,4,205330000135952900,,,1,1205330000096015375,15
9011020035200000,4,205330000135953353,,,1,1205330000096015321,3
9011020035200000,9,205330000135952530,,,1,1205330000091342246,117
9011020035200000,9,205330000135953140,,,1,1205330000091705882,109
9011020035200000,9,205330000135953435,,,1,1205330000096015375,101
9011020035200000,4,205330000131241839,,,0,1205330000096015480,10
9011020035200000,4,205330000131242299,,,0,1205330000094715136,8
9011020035200000,4,205330000135953663,,,0,1205330000096015480,12
9011020035200000,4,205330000135953900,,,0,1205330000094715136,18
9011020035200000,9,205330000135954135,,,0,1205330000094715136,118
9011020035200000,9,205330000135954383,,,0,1205330000096015435,112
9011020035200000,4,205330000135953787,,,0,1205330000096015480,14
9011020035200000,4,205330000135954260,,,0,1205330000096015526,4
9011020035200000,9,205330000135954009,,,0,1205330000094715136,108
9011020035200000,9,205330000135954522,,,0,1205330000096015435,114
9011020035300000,4,205330000135955094,,,1,1205330000104708108,7
9011020035300000,4,205330000135955230,,,1,1205330000104708108,9
9011020035300000,4,205330000135955359,,,1,1205330000104708068,5
9011020035300000,4,205330000135955454,,,1,1205330000096775038,1
9011020035300000,4,205330000135955583,,,1,1205330000104707985,3
9011020035300000,4,205330000136169829,,,1,1205330000104708025,11
9011020035400000,4,205330000116155228,,,1,1205330000096022507,1
9011020035400000,41,205330000131245258,,,1,1205330000096022466,101
9011020035400000,4,205330000135956209,,,1,1205330000096022446,9
9011020035400000,4,205330000135956192,,,1,1205330000096022446,7
9011020035400000,4,205330000131345670,,,1,1205330000095351091,3
9011020035400000,4,205330000135956175,,,1,1205330000096022446,5
9011020035400000,4,205330000135956233,,,0,1205330000130413497,6
9011020035400000,4,205330000135956473,,,0,1205330000096022602,4
9011020035400000,41,205330000135956275,,,0,1205330000130413538,102
9011020035400000,4,205330000135956497,,,0,1205330000130413470,8
9011020035400000,4,205330000135956398,,,0,1205330000130413581,2
9011020035500000,4,205330000135957250,,,1,1205330000135956922,7
9011020035500000,4,205330000135957398,,,1,1205330000122557614,1
9011020035500000,9,205330000135957952,,,1,1205330000135957029,109
9011020035500000,9,205330000135958551,,,1,1205330000135957094,107
9011020035500000,4,205330000135958717,,,1,1205330000122294978,5
9011020035500000,4,205330000135957677,,,1,1205330000135956977,13
9011020035500000,9,205330000135958105,,,1,1205330000135957029,113
9011020035500000,4,205330000135957539,,,1,1205330000135956977,9
9011020035500000,4,205330000135957815,,,1,1205330000135956977,17
9011020035500000,9,205330000135958258,,,1,1205330000135957029,117
9011020035500000,4,205330000135958412,,,1,1205330000135956977,11
9011020035500000,9,205330000135958867,,,1,1205330000135957147,101
9011020035600000,4,205330000131247602,,,1,1205330000126247733,5
9011020035600000,4,205330000135959101,,,1,1205330000126247806,1
9011020035600000,4,205330000135959183,,,1,1205330000126247762,3
9011020035600000,4,205330000135959256,,,1,1205330000126247733,7
9011020035600000,4,205330000135959327,,,1,1205330000126247733,9
9011020035600000,4,205330000131247969,,,0,1205330000126247877,6
9011020035600000,4,205330000131248007,,,0,1205330000130414942,12
9011020035600000,4,205330000135959400,,,0,1205330000126247957,2
9011020035600000,4,205330000135959474,,,0,1205330000126247957,4
9011020035600000,4,205330000135959561,,,0,1205330000126247917,8
9011020035600000,4,205330000135959649,,,0,1205330000126247917,10
9011020035700000,2,205330000131138567,,,1,1205330000095464476,1
9011020035700000,2,205330000131138599,,,1,1205330000095464476,3
9011020035700000,2,205330000131138631,,,1,1205330000095464476,5
9011020035800000,4,205330000132058155,,,1,1205330000131908234,1
9011020036000000,4,205330000131248406,,,1,1205330000130415918,1
9011020036000000,4,205330000130416141,,,1,1205330000091349711,7
9011020036000000,4,205330000135959978,,,1,1205330000091349711,5
9011020036000000,4,205330000131248567,,,0,1205330000130416038,6
9011020036000000,4,205330000131698871,,,0,1205330000122558140,10
9011020036000000,4,205330000135960041,,,0,1205330000130415985,8
9011020036000000,4,205330000135960116,,,0,1205330000122558231,4
9011020036100000,2,205330000131249564,,,1,1205330000130417125,5
9011020036100000,2,205330000132059142,,,1,1205330000105922542,7
9011020036100000,2,205330000131249788,,,1,1205330000105922542,15
9011020036100000,2,205330000135960855,,,1,1205330000102698991,3
9011020036100000,2,205330000135960925,,,1,1205330000102699134,9
9011020036100000,4,205330000135960709,,,1,1205330000105922542,13
9011020036100000,4,205330000135960796,,,1,1205330000105922542,11
9011020036100000,4,205330000131250171,,,0,1205330000105922791,8
9011020036100000,2,205330000131250243,,,0,1205330000102699365,6
9011020036100000,2,205330000131250291,,,0,1205330000105922872,2
9011020036100000,2,205330000135961218,,,0,1205330000105922713,4
9011020036100000,2,205330000135960972,,,0,1205330000096782567,16
9011020036100000,2,205330000135961141,,,0,1205330000130417213,12
9011020036100000,2,205330000135961278,,,0,1205330000109367486,14
9011020036100000,4,205330000135961061,,,0,1205330000130417213,10
9011020036200000,4,205330000131251062,,,1,1205330000108129297,1
9011020036200000,4,205330000131701010,,,0,1205330000108129441,8
9011020036200000,4,205330000131700946,,,0,1205330000108129441,6
9011020036200000,4,205330000131251240,,,0,1205330000108129370,4
9011020036300000,4,205330000131251512,,,1,1205330000093225224,5
9011020036300000,4,205330000131251546,,,1,1205330000093225224,7
9011020036300000,4,205330000131251599,,,1,1205330000130419396,1
9011020036300000,4,205330000131251661,,,0,1205330000130419464,12
9011020036300000,4,205330000131251908,,,0,1205330000104713515,4
9011020036300000,4,205330000131251839,,,0,1205330000093225265,8
9011020036300000,4,205330000131251876,,,0,1205330000093225307,2
9011020036300000,4,205330000135962240,,,0,1205330000130419523,10
9011020036300000,4,205330000135962311,,,0,1205330000109368930,14
9011020036400000,4,205330000136350549,,,1,1205330000135962493,501
9011020036400000,4,205330000136350624,,,0,1205330000135962564,502
9011020036400000,4,205330000136350683,,,0,1205330000135962636,504
9011020036500000,4,205330000130420600,,,1,1205330000130420473,1
9011020036500000,4,205330000130420635,,,1,1205330000091355304,9
9011020036500000,4,205330000130420572,,,1,1205330000130420450,3
9011020036500000,4,205330000130420652,,,1,1205330000091355304,11
9011020036500000,4,205330000135962921,,,1,1205330000091355304,7
9011020036500000,4,205330000113930003,,,0,1205330000109369759,8
9011020036500000,4,205330000130420682,,,0,1205330000130420521,6
9011020036500000,4,205330000135962960,,,0,1205330000130420521,4
9011020036600000,4,205330000135963101,,,1,1205330000135962968,1
9011020036600000,4,205330000135963155,,,0,1205330000130420830,4
9011020036600000,4,205330000135963209,,,0,1205330000130420830,6
9011020036600000,4,205330000135963261,,,0,1205330000130420778,2
9011020036700000,4,205330000132869171,,,1,1205330000132868990,7
9011020036700000,4,205330000132869195,,,1,1205330000132869044,5
9011020036700000,4,205330000132869245,,,0,1205330000132869072,4
9011020037000000,2,205330000132869626,,,1,1205330000121989968,1
9011020037000000,2,205330000132921320,,,1,1205330000121989968,19
9011020037000000,2,205330000135963768,,,1,1205330000135963281,5
9011020037000000,2,205330000135963659,,,1,1205330000122488007,11
9011020037000000,2,205330000135963436,,,1,1205330000121989968,15
9011020037000000,2,205330000135963876,,,1,1205330000121989968,9
9011020037000000,4,205330000135963550,,,1,1205330000122488153,13
9011020037000000,2,205330000135963999,,,1,1205330000122488050,7
9011020037000000,4,205330000136170147,,,1,1205330000121989918,17
9011020037000000,2,205330000136170277,,,1,1205330000121989855,3
9011020037000000,4,205330000135964351,,,0,1205330000135963326,112
9011020037000000,4,205330000135964497,,,0,1205330000122488366,14
9011020037000000,2,205330000135964616,,,0,1205330000122488312,6
9011020037000000,2,205330000135964723,,,0,1205330000122488366,4
9011020037000000,2,205330000135964830,,,0,1205330000122488366,8
9011020037000000,2,205330000135964128,,,0,1205330000122488247,16
9011020037000000,2,205330000135964257,,,0,1205330000122488247,10
9011020037000000,2,205330000135964390,,,0,1205330000135963357,12
9011020037000000,2,205330000136170384,,,0,1205330000122488366,20
9011020037000000,2,205330000136170491,,,0,1205330000121990011,2
9011020037100000,12,205330000132870275,,,1,1205330000113932570,5
9011020037100000,2,205330000131254007,,,1,1205330000113932658,13
9011020037100000,4,205330000131254130,,,1,1205330000113932624,7
9011020037100000,2,205330000132870230,,,1,1205330000122300827,3
9011020037100000,12,205330000131254283,,,0,1205330000113932708,2
9011020037100000,2,205330000132870349,,,0,1205330000113932768,4
9011020037100000,2,205330000135964960,,,0,1205330000113932835,10
9011020037200000,4,205330000131702337,,,1,1205330000131702257,7
9011020037200000,4,205330000131702371,,,1,1205330000131702280,1
9011020037200000,4,205330000131254341,,,1,1205330000105927200,5
9011020037200000,4,205330000132870473,,,0,1205330000113933252,6
9011020037200000,4,205330000131254580,,,0,1205330000109373358,12
9011020037200000,12,205330000131254394,,,0,1205330000113933378,2
9011020037200000,4,205330000132870523,,,0,1205330000113933252,8
9011020037200000,4,205330000132870581,,,0,1205330000113933311,4
9011020037300000,4,205330000131254648,,,1,1205330000113933813,3
9011020037300000,4,205330000131254672,,,1,1205330000113933813,5
9011020037300000,4,205330000132870622,,,1,1205330000113933759,7
9011020037300000,4,205330000132870645,,,1,1205330000113933785,1
9011020037300000,4,205330000131254722,,,0,1205330000113933844,2
9011020037300000,4,205330000132870717,,,0,1205330000113933877,8
9011020037300000,4,205330000132870743,,,0,1205330000113933912,6
9011020037300000,4,205330000132870687,,,0,1205330000113933877,4
9011020037400000,2,205330000131255041,,,1,1205330000096475511,5
9011020037400000,4,205330000131702555,,,1,1205330000102308759,1
9011020037400000,2,205330000131254955,,,1,1205330000096790045,3
9011020037400000,2,205330000131255303,,,0,1205330000105927918,4
9011020037400000,4,205330000131702656,,,0,1205330000105927988,2
9011020037400000,2,205330000131255218,,,0,1205330000105927988,6
9011020037500000,4,205330000135965321,,,1,1205330000135965199,3
9011020037500000,4,205330000132652225,,,0,1205330000132651941,4
9011020037500000,4,205330000132870967,,,0,1205330000132651876,6
9011020037500000,4,205330000132870905,,,0,1205330000132651804,8
9011020037600000,4,205330000132871012,,,1,1205330000113935248,1
9011020037600000,4,205330000132871081,,,0,1205330000113935276,10
9011020037600000,4,205330000132871058,,,0,1205330000113935276,8
9011020037600000,4,205330000135965357,,,0,1205330000113935276,6
9011020037700000,4,205330000132871232,,,1,1205330000132871102,1
9011020037700000,4,205330000135965386,,,0,1205330000132061652,2
9011020037700000,4,205330000132871269,,,0,1205330000131910189,12
9011020037700000,4,205330000132871339,,,0,1205330000132871167,14
9011020037700000,4,205330000135965419,,,0,1205330000132871167,4
9011020037800000,2,205330000132871401,,,1,1205330000129365506,1
9011020037800000,2,205330000132871489,,,1,1205330000129365506,5
9011020037800000,2,205330000132871533,,,1,1205330000129365506,9
9011020037800000,2,205330000132871445,,,1,1205330000129365506,3
9011020038000000,4,205330000131256600,,,1,1205330000126253422,13
9011020038000000,4,205330000132871692,,,1,1205330000132871553,1
9011020038000000,4,205330000133196396,,,1,1205330000126253355,3
9011020038000000,4,205330000131256445,,,1,1205330000104718347,5
9011020038000000,4,205330000131256556,,,1,1205330000126253422,11
9011020038000000,4,205330000135965892,,,1,1205330000135965440,9
9011020038000000,4,205330000135965941,,,1,1205330000126253422,15
9011020038000000,9,205330000132871748,,,1,1205330000132871553,101
9011020038000000,4,205330000135966015,,,0,1205330000126253537,8
9011020038000000,9,205330000135966119,,,0,1205330000135965507,112
9011020038000000,4,205330000135966365,,,0,1205330000135965735,10
9011020038000000,4,205330000135966068,,,0,1205330000135965507,12
9011020038000000,4,205330000135966238,,,0,1205330000135965626,6
9011020038000000,4,205330000135966191,,,0,1205330000135965564,2
9011020038000000,4,205330000135966292,,,0,1205330000135965677,4
9011020038100000,4,205330000131257136,,,1,1205330000096793075,9
9011020038100000,4,205330000131257249,,,1,1205330000096037998,3
9011020038100000,4,205330000135966567,,,1,1205330000135966457,7
9011020038100000,4,205330000135966616,,,1,1205330000096793075,11
9011020038100000,4,205330000131257301,,,1,1205330000126255835,1
9011020038100000,4,205330000126256278,,,0,1205330000126255952,104
9011020038100000,4,205330000131257411,,,0,1205330000126255977,4
9011020038100000,4,205330000131257518,,,0,1205330000126256043,2
9011020038100000,4,205330000135966641,,,0,1205330000126255952,106
9011020038100000,4,205330000135966698,,,0,1205330000126255977,6
9011020038200000,4,205330000131405663,,,1,1205330000131405561,1
9011020038200000,4,205330000131405691,,,0,1205330000131405599,2
9011020038200000,4,205330000135966734,,,0,1205330000131405599,4
9011020038400000,4,205330000131257753,,,1,1205330000126256680,7
9011020038400000,4,205330000131257601,,,1,1205330000126256619,3
9011020038400000,4,205330000131257651,,,1,1205330000128426659,1
9011020038400000,4,205330000131257702,,,1,1205330000126256680,5
9011020038400000,4,205330000135966857,,,1,1205330000135966744,9
9011020039200000,4,205330000135966940,,,1,1205330000135966865,1
9011020039200000,4,205330000135966976,,,1,1205330000135966865,3
9011020039200000,4,205330000131257915,,,0,1205330000115269770,2
9011020039200000,4,205330000131257950,,,0,1205330000115269770,4
9011020039300000,4,205330000135967131,,,1,1205330000130425223,5
9011020039300000,4,205330000135967017,,,1,1205330000130425181,1
9011020039300000,4,205330000135967074,,,1,1205330000130425223,3
9011020039400000,4,205330000135967394,,,1,1205330000091360572,5
9011020039400000,4,205330000135967412,,,1,1205330000091360572,7
9011020039400000,4,205330000135967376,,,1,1205330000096040307,1
9011020039400000,4,205330000135967342,,,1,1205330000096040279,3
9011020039400000,4,205330000135967432,,,0,1205330000091360653,2
9011020039400000,4,205330000135967518,,,0,1205330000096040347,6
9011020039400000,4,205330000135967561,,,0,1205330000096040347,8
9011020039400000,4,205330000135967475,,,0,1205330000096040347,4
9011020039500000,4,205330000135967793,,,1,1205330000129782817,1
9011020039500000,4,205330000135967816,,,0,1205330000135967742,2
9011020039600000,2,205330000129782935,,,1,1205330000102314040,23
9011020039600000,2,205330000130426108,,,1,1205330000093176970,7
9011020039600000,4,205330000130426131,,,1,1205330000093176970,15
9011020039600000,4,205330000131258598,,,1,1205330000104721339,9
9011020039600000,2,205330000132062757,,,1,1205330000126258217,3
9011020039600000,2,205330000132063589,,,1,1205330000126258829,19
9011020039600000,2,205330000132063918,,,1,1205330000126259059,21
9011020039600000,4,205330000132064634,,,1,1205330000132062519,13
9011020039600000,2,205330000132063256,,,1,1205330000126258643,17
9011020039600000,1,205330000132064076,,,1,1205330000126258945,203
9011020039600000,1,205330000132064234,,,1,1205330000126258945,205
9011020039600000,3,205330000132064392,,,1,1205330000126258945,303
9011020039600000,2,205330000131704640,,,1,1205330000126258405,11
9011020039600000,4,205330000132062664,,,1,1205330000104721298,1
9011020039600000,1,205330000130426157,,,1,1205330000093176970,201
9011020039600000,3,205330000135968364,,,1,1205330000126258945,307
9011020039600000,3,205330000135968540,,,1,1205330000093176970,301
9011020039600000,2,205330000132062900,,,1,1205330000126258311,5
9011020039600000,3,205330000135968205,,,1,1205330000135967827,305
9011020039600000,3,205330000135968455,,,1,1205330000135967933,309
9011020039600000,2,205330000135968575,,,1,1205330000135967968,25
9011020039600000,2,205330000126262624,,,0,1205330000126259363,30
9011020039600000,4,205330000131259070,,,0,1205330000096042195,14
9011020039600000,2,205330000126263346,,,0,1205330000126259715,26
9011020039600000,4,205330000131259215,,,0,1205330000129093216,712
9011020039600000,1,205330000131259326,,,0,1205330000126259737,202
9011020039600000,1,205330000131259451,,,0,1205330000126259737,204
9011020039600000,3,205330000131259578,,,0,1205330000126259737,304
9011020039600000,2,205330000131259161,,,0,1205330000093177068,18
9011020039600000,4,205330000131259189,,,0,1205330000096042359,24
9011020039600000,2,205330000131259732,,,0,1205330000126259480,20
9011020039600000,2,205330000131259952,,,0,1205330000126259853,4
9011020039600000,2,205330000131260088,,,0,1205330000126259947,2
9011020039600000,2,205330000131529998,,,0,1205330000126259572,16
9011020039600000,4,205330000135968612,,,0,1205330000135968005,12
9011020039600000,2,205330000135968718,,,0,1205330000126259149,8
9011020039600000,3,205330000135968955,,,0,1205330000126259737,310
9011020039600000,2,205330000135968801,,,0,1205330000135968045,28
9011020039600000,3,205330000135968841,,,0,1205330000135968079,308
9011020039600000,1,205330000131259628,,,0,1205330000093177068,206
9011020039600000,4,205330000131260000,,,0,1205330000096041941,6
9011020039600000,2,205330000131529931,,,0,1205330000126259384,110
9011020039600000,4,205330000135968768,,,0,1205330000132062597,222
9011020039600000,3,205330100131259451,,,0,1205330000126259737,302
9011020039700000,2,205330000131530881,,,1,1205330000130429056,9
9011020039700000,2,205330000135970329,,,1,1205330000130429107,11
9011020039700000,4,205330000135970415,,,1,1205330000130429056,7
9011020039700000,2,205330000135970373,,,1,1205330000130429056,1
9011020039700000,2,205330000131530706,,,1,1205330000130428946,5
9011020039700000,2,205330000135970288,,,1,1205330000130429000,3
9011020039700000,2,205330000135970457,,,0,1205330000129785722,2
9011020039700000,2,205330000135970653,,,0,1205330000129785514,12
9011020039700000,2,205330000135970852,,,0,1205330000129785615,8
9011020039700000,4,205330000135970952,,,0,1205330000129785669,6
9011020039700000,2,205330000135970555,,,0,1205330000129785514,4
9011020039700000,2,205330000135970750,,,0,1205330000129785565,10
9011020043000000,2,205330000129158784,,,1,1205330000069348149,1
9011020043000000,2,205330000129158773,,,1,1205330000069348167,3
9011020043100000,2,205330000129158811,,,1,1205330000069348234,3
9011020043100000,2,205330000129158800,,,1,1205330000069348216,1
9011020043200000,2,205330000129158827,,,1,1205330000069348283,1
9011020043200000,2,205330000129158868,,,1,1205330000069348301,3
9011020043300000,42,205330000129158956,,,1,1205330000069348368,3
9011020043300000,42,205330000129158915,,,1,1205330000069348350,1
9011020043400000,2,205330000116443516,,,1,1205330000069348417,15
9011020043400000,2,205330000129159087,,,1,1205330000069348435,13
9011020043400000,1,205330000129159541,,,1,1205330000069348435,33
9011020043400000,2,205330000116443352,,,1,1205330000069348435,3
9011020043400000,2,205330000116443311,,,1,1205330000069348435,1
9011020043400000,2,205330000129159170,,,1,1205330000069348417,19
9011020043400000,1,205330000129159459,,,1,1205330000069348435,29
9011020043400000,1,205330000129159500,,,1,1205330000069348435,31
9011020043400000,1,205330000129159582,,,1,1205330000069348435,35
9011020043400000,2,205330000129159005,,,1,1205330000069348435,9
9011020043400000,2,205330000129159046,,,1,1205330000069348435,11
9011020043400000,2,205330000129159129,,,1,1205330000069348417,17
9011020043400000,2,205330000129159211,,,1,1205330000069348417,21
9011020043400000,2,205330000129159252,,,1,1205330000069348417,23
9011020043400000,2,205330000129159293,,,1,1205330000069348417,25
9011020043400000,1,205330000129159334,,,1,1205330000069348417,37
9011020043400000,1,205330000129159375,,,1,1205330000069348417,39
9011020043400000,1,205330000129159416,,,1,1205330000069348417,41
9011020043400000,1,205330100129159170,,,1,1205330000069348417,43
9011020043500000,42,205330000129159629,,,1,1205330000069348752,1
9011020043500000,42,205330000129159640,,,1,1205330000069348734,2
9011020043600000,2,205330000129159678,,,1,1205330000069348801,1
9011020043600000,2,205330000129159689,,,1,1205330000069348801,5
9011020043600000,2,205330000129159656,,,1,1205330000069348819,3
9011020043600000,2,205330000129159667,,,1,1205330000069348819,7
9011020043700000,42,205330000129159716,,,1,1205330000069348912,3
9011020043700000,42,205330000129159705,,,1,1205330000069348894,1
9011020043800000,1,205330000113218120,,,1,1205330000069348979,33
9011020043800000,2,205330000129159732,,,1,1205330000069348961,1
9011020043800000,2,205330000129159765,,,1,1205330000069348961,7
9011020043800000,2,205330000129159776,,,1,1205330000069348961,9
9011020043800000,1,205330000129159810,,,1,1205330000069348961,31
9011020043800000,2,205330000129159877,,,1,1205330000069348979,45
9011020043800000,2,205330000129159743,,,1,1205330000069348961,3
9011020043800000,2,205330000129159787,,,1,1205330000069348961,11
9011020043800000,1,205330000129159833,,,1,1205330000069348979,37
9011020043800000,2,205330000129159866,,,1,1205330000069348979,43
9011020043800000,2,205330000129159754,,,1,1205330000069348961,5
9011020043800000,2,205330000129159844,,,1,1205330000069348979,39
9011020043800000,2,205330000129159888,,,1,1205330000069348979,47
9011020043800000,2,205330000129159899,,,1,1205330000069348979,49
9011020043800000,1,205330000113218087,,,1,1205330000069348961,27
9011020043800000,1,205330000129159799,,,1,1205330000069348961,29
9011020043800000,1,205330000129159822,,,1,1205330000069348979,35
9011020043800000,2,205330000129159855,,,1,1205330000069348979,41
9011020043800000,2,205330000129159910,,,1,1205330000069348979,15
9011020051500000,19,205330000129159953,,,1,1205330000091744323,3
9011020051500000,19,205330000129159928,,,1,1205330000091744303,1
9011020051600000,24,205330000129159984,,,1,1205330000091744543,1
9011020051600000,24,205330000129160009,,,1,1205330000091744563,3
9011020052000000,43,205330000129160041,,,1,1205330000091744781,1
9011020052000000,43,205330000129160055,,,1,1205330000091744802,3
9011020052100000,22,205330000129160074,,,1,1205330000091744881,3
9011020052100000,22,205330000129160088,,,1,1205330000091744860,1
9011020052500000,21,205330000129160124,,,1,1205330000091745122,1
9011020052500000,21,205330000129160107,,,1,1205330000091745143,3
9011020052600000,43,205330000129160147,,,1,1205330000091745264,1
9011020052600000,43,205330000129160163,,,1,1205330000091745243,3
9011020053000000,22,205330000129160183,,,1,1205330000091744939,1
9011020053000000,22,205330000129160198,,,1,1205330000091744958,3
9011020062000000,24,205330000129160235,,,1,1205330000088915426,1
9011020062000000,24,205330000129160263,,,0,1205330000088915461,2
9011020062100000,22,205330000129160296,,,1,1205330000088915319,1
9011020062100000,22,205330000129160317,,,0,1205330000088915347,2
9011020062200000,22,205330000131381854,,,1,1205330000088915236,1
9011020062200000,22,205330000135309574,,,0,1205330000088915258,2
9011020062300000,19,205330000131139745,,,1,1205330000088915117,1
9011020062300000,19,205330000130104526,,,0,1205330000088915148,2
9011020062400000,24,205330000132813573,,,1,1205330000088914950,1
9011020062400000,24,205330000129160450,,,0,1205330000088914977,2
9011020062500000,2,205330000133307752,,,1,1205330000131896540,7
9011020062500000,2,205330000133307791,,,1,1205330000131896540,13
9011020062500000,2,205330000133307765,,,1,1205330000131896540,9
9011020062500000,2,205330000133307713,,,1,1205330000131896540,1
9011020062500000,2,205330000133307726,,,1,1205330000131896540,3
9011020062500000,2,205330000133307778,,,1,1205330000131896540,11
9011020062500000,2,205330000133307739,,,1,1205330000131896540,5
9011020062500000,2,205330000131896738,,,0,1205330000131896559,8
9011020062500000,2,205330000131896783,,,0,1205330000131896559,14
9011020062500000,2,205330000131896753,,,0,1205330000131896559,10
9011020062500000,2,205330000131896768,,,0,1205330000131896559,12
9011020062500000,2,205330000131896708,,,0,1205330000131896559,4
9011020062500000,2,205330000131896693,,,0,1205330000131896559,2
9011020062500000,2,205330000131896723,,,0,1205330000131896559,6
9011020062700000,24,205330000129160467,,,1,1205330000094831851,1
9011020062700000,24,205330000129160550,,,1,1205330000094831833,3
9011020062800000,2,205330000129160807,,,1,1205330000094832045,1
9011020062800000,2,205330000129160818,,,1,1205330000094832045,7
9011020062800000,21,205330000129160829,,,1,1205330000094832063,3
9011020062800000,1,205330000129160640,,,1,1205330000094832136,203
9011020062800000,3,205330000129160724,,,1,1205330000094832136,303
9011020062800000,2,205330000129160912,,,1,1205330000094832081,5
9011020062800000,2,205330000129160923,,,1,1205330000094832081,11
9011020062800000,21,205330000129160934,,,1,1205330000094832099,9
9011020062800000,1,205330000129161018,,,1,1205330000094832117,201
9011020062800000,3,205330000129161102,,,1,1205330000094832117,301
9011020063000000,2,205330000129161248,,,1,1205330000069351863,7
9011020063000000,2,205330000129161191,,,1,1205330000069351881,9
9011020063000000,2,205330000129161202,,,1,1205330000069351881,11
9011020063000000,2,205330000129161224,,,1,1205330000069351881,15
9011020063000000,2,205330000113219684,,,1,1205330000069351863,1
9011020063000000,2,205330000113219695,,,1,1205330000069351863,3
9011020063000000,2,205330000129161213,,,1,1205330000069351881,13
9011020063000000,2,205330000129161237,,,1,1205330000069351863,5
9011020071700000,7,205330000129161264,,,1,1205330000069352181,1
9011020071700000,7,205330000129161275,,,0,1205330000069352199,2
9011020071800000,44,205330000129161291,,,1,1205330000069352248,1
9011020071800000,44,205330000129161302,,,0,1205330000069352266,2
9011020072100000,24,205330000129161318,,,1,1205330000116445207,1
9011020072100000,24,205330000129161329,,,1,1205330000116445225,3
9011020072200000,22,205330000129161358,,,1,1205330000095472427,3
9011020072200000,22,205330000129161346,,,1,1205330000095472446,1
9011020073100000,22,205330000129161374,,,1,1205330000095472498,1
9011020073100000,22,205330000129161385,,,1,1205330000095472516,3
9011020074100000,22,205330000129161403,,,1,1205330000095466705,1
9011020074100000,22,205330000129161419,,,1,1205330000095466725,3
9011020074200000,24,205330000129161439,,,1,1205330000095466805,3
9011020074200000,24,205330000129161453,,,1,1205330000095466787,1
9011020074300000,22,205330000129161473,,,1,1205330000095466859,1
9011020074300000,22,205330000129161487,,,1,1205330000095466877,3
9011020075200000,42,205330000129161508,,,1,1205330000068584716,1
9011020075200000,42,205330000129161544,,,0,1205330000068584735,2
9011020075300000,42,205330000129161585,,,1,1205330000069352344,1
9011020075300000,42,205330000129161620,,,0,1205330000069352362,2
9011020075400000,42,205330000129161671,,,1,1205330000087099163,101
9011020075400000,42,205330000129161694,,,0,1205330000087099191,2
9011020075700000,22,205330000122423656,,,1,1205330000068584888,1
9011020075700000,22,205330000129161716,,,0,1205330000068584906,2
9011020077400000,22,205330000129161750,,,1,1205330000095467094,1
9011020077400000,22,205330000129161779,,,0,1205330000095467130,2
9011020077500000,22,205330000130104752,,,1,1205330000095472565,2
9011020077500000,22,205330000129161837,,,0,1205330000095472596,1
9011020077600000,24,205330000129161861,,,1,1205330000095472684,2
9011020077600000,24,205330000129161880,,,0,1205330000095472710,1
9011020078100000,43,205330000129161915,,,1,1205330000090068770,3
9011020078100000,43,205330000129161902,,,1,1205330000090068750,1
9011020078200000,22,205330000129161933,,,1,1205330000090068845,1
9011020078200000,22,205330000129161946,,,1,1205330000090068825,3
9011020078300000,19,205330000129161964,,,1,1205330000090068900,1
9011020078300000,19,205330000129161977,,,1,1205330000090068920,3
9011020078400000,24,205330000129161995,,,1,1205330000090068975,1
9011020078400000,24,205330000129162008,,,1,1205330000090068995,3
9011020078500000,24,205330000129162039,,,1,1205330000091712776,1
9011020078500000,24,205330000129162065,,,1,1205330000091712776,3
9011020078500000,24,205330000131947104,,,0,1205330000090382066,4
9011020078500000,24,205330000131947074,,,0,1205330000090382066,2
9011020078600000,22,205330000129162145,,,1,1205330000096881090,3
9011020078600000,22,205330000129162162,,,1,1205330000096881069,1
9011020078700000,22,205330000129162185,,,1,1205330000096881152,1
9011020078700000,22,205330000129162202,,,1,1205330000096881173,3
9011020079100000,24,205330000129162229,,,1,1205330000090069200,1
9011020079100000,24,205330000129162247,,,1,1205330000090069225,3
9011020079200000,19,205330000130104902,,,1,1205330000130104830,1
9011020079200000,19,205330000130104923,,,1,1205330000130104857,3
9011020079300000,43,205330000129162313,,,1,1205330000090041169,1
9011020079300000,43,205330000129162331,,,1,1205330000090041194,3
9011020079400000,24,205330000129162374,,,1,1205330000091712993,3
9011020079400000,24,205330000129162355,,,1,1205330000091712967,1
9011020079500000,19,205330000129162415,,,1,1205330000090046017,3
9011020079500000,19,205330000129162397,,,1,1205330000090045992,1
9011020079600000,24,205330000129162439,,,1,1205330000091713071,1
9011020079600000,24,205330000129162458,,,1,1205330000091713097,3
9011020090200000,30,205330000113945479,,,1,1205330000088789015,503
9011020090200000,17,205330000113945466,,,1,1205330000088789015,301
9011020090200000,45,205330000135971297,,,1,1205330000131711735,405
9011020090200000,17,205330000135971348,,,1,1205330000096800795,304
9011020090200000,17,205330000135971382,,,1,1205330000088789015,303
9011020090200000,30,205330000135971404,,,1,1205330000088789015,501
9011020090200000,45,205330000135971284,,,1,1205330000109382927,403
9011020090200000,45,205330000135971309,,,1,1205330000102709180,407
9011020090200000,17,205330000135971336,,,1,1205330000096800795,302
9011020090200000,45,205330100113945466,,,1,1205330000088789015,401
9011020090200000,45,205330100135971336,,,1,1205330000096800795,402
9011020090200000,46,205330000135971322,,,1,1205330000105938625,201
9011020090200000,45,205330100135971382,,,1,1205330000088789015,409
9011020090200000,45,205330100135971348,,,1,1205330000096800795,410
9011020090200000,30,205330200135971336,,,1,1205330000096800795,502
9011020090200000,30,205330200135971348,,,1,1205330000096800795,504
9011020090500000,45,205330000135971519,,,1,1205330000081764588,402
9011020090500000,47,205330000135971496,,,1,1205330000102709646,201
9011020090500000,45,205330000135971539,,,1,1205330000081764534,401
9011020090500000,47,205330000135971549,,,1,1205330000102709664,202
9011020090500000,48,205330000135971573,,,1,1205330000086888419,301
9011020090500000,45,205330000135971509,,,1,1205330000081764534,404
9011020090500000,45,205330000135971529,,,1,1205330000081764588,403
9011020090500000,47,205330000135971561,,,1,1205330000086888419,203
9011020090700000,32,205330000135971642,,,1,1205330000135971600,101
9011020090700000,32,205330000135971629,,,1,1205330000135971581,102
9011020090900000,17,205330000135971807,,,1,1205330000135971650,305
9011020090900000,49,205330000135971830,,,1,1205330000093235690,404
9011020090900000,49,205330000135971851,,,1,1205330000093235690,406
9011020090900000,50,205330000135971871,,,1,1205330000093235690,408
9011020090900000,49,205330000135971892,,,1,1205330000068586706,403
9011020090900000,17,205330000135971996,,,1,1205330000104725627,302
9011020090900000,32,205330000135972007,,,1,1205330000102709974,101
9011020090900000,32,205330000135972053,,,1,1205330000130430377,104
9011020090900000,45,205330000135972064,,,1,1205330000130430377,402
9011020090900000,17,205330000135971943,,,1,1205330000109383296,310
9011020090900000,30,205330000135971819,,,1,1205330000135971668,501
9011020090900000,50,205330000135971911,,,1,1205330000068586706,407
9011020090900000,17,205330000135971932,,,1,1205330000109383296,308
9011020090900000,17,205330000135971958,,,1,1205330000101529486,307
9011020090900000,17,205330000135971969,,,1,1205330000101529486,309
9011020090900000,17,205330000135971984,,,1,1205330000104725609,304
9011020090900000,32,205330000135972019,,,1,1205330000102709974,103
9011020090900000,45,205330000135972030,,,1,1205330000102709974,401
9011020090900000,32,205330000135972041,,,1,1205330000130430377,102
9011020090900000,45,205330100135971969,,,1,1205330000101529486,409
9011020090900000,45,205330100135971943,,,1,1205330000109383296,410
9011020091500000,25,205330000122306268,,,1,1205330000096801791,218
9011020091500000,51,205330000126269974,,,1,1205330000126269038,128
9011020091500000,52,205330000126270175,,,1,1205330000126269092,220
9011020091500000,53,205330000126269750,,,1,1205330000126269002,507
9011020091500000,25,205330000122306448,,,1,1205330000101529895,201
9011020091500000,53,205330000126269358,,,1,1205330000126268927,508
9011020091500000,32,205330000126270045,,,1,1205330000126269056,105
9011020091500000,54,205330000126269857,,,1,1205330000126269038,110
9011020091500000,32,205330000126269887,,,1,1205330000126269038,126
9011020091500000,55,205330000126270494,,,1,1205330000126269200,208
9011020091500000,54,205330000126270520,,,1,1205330000126269200,112
9011020091500000,32,205330000126270805,,,1,1205330000126269254,125
9011020091500000,30,205330000130431294,,,1,1205330000126269200,501
9011020091500000,56,205330000130431796,,,1,1205330000126269218,307
9011020091500000,30,205330000130431970,,,1,1205330000130430912,104
9011020091500000,57,205330000130432391,,,1,1205330000126269254,129
9011020091500000,51,205330000130432485,,,1,1205330000126269254,127
9011020091500000,45,205330000130433957,,,1,1205330000126269074,419
9011020091500000,58,205330000131715729,,,1,1205330000126269002,417
9011020091500000,25,205330000126270256,,,1,1205330000126269146,215
9011020091500000,55,205330000126270353,,,1,1205330000126269182,207
9011020091500000,54,205330000126270379,,,1,1205330000126269182,111
9011020091500000,59,205330000126270700,,,1,1205330000126269218,503
9011020091500000,32,205330000130431078,,,1,1205330000126269182,123
9011020091500000,25,205330000130431657,,,1,1205330000101529949,202
9011020091500000,45,205330000130432068,,,1,1205330000126269092,420
9011020091500000,25,205330000130432368,,,1,1205330000126269020,222
9011020091500000,60,205330000130432434,,,1,1205330000126269254,317
9011020091500000,61,205330000130432792,,,1,1205330000126269038,424
9011020091500000,60,205330000130432910,,,1,1205330000126269038,318
9011020091500000,52,205330000130433864,,,1,1205330000126269074,219
9011020091500000,32,205330000130431233,,,1,1205330000126269200,124
9011020091500000,62,205330000130431754,,,1,1205330000130430893,301
9011020091500000,54,205330000130432413,,,1,1205330000126269254,109
9011020091500000,32,205330000130433629,,,1,1205330000126269002,117
9011020091500000,32,205330000130433744,,,1,1205330000126268927,118
9011020091500000,63,205330000131712419,,,1,1205330000126269038,412
9011020091500000,56,205330000130431897,,,1,1205330000126269236,308
9011020091500000,62,205330000130432146,,,1,1205330000101529895,303
9011020091500000,52,205330000130432269,,,1,1205330000126269020,206
9011020091500000,64,205330000135972436,,,1,1205330000126269002,213
9011020091500000,62,205330000135972483,,,1,1205330000101529949,304
9011020091500000,65,205330000135972564,,,1,1205330000126269074,119
9011020091500000,45,205330000135972962,,,1,1205330000126269092,402
9011020091500000,32,205330000135973012,,,1,1205330000135972347,114
9011020091500000,32,205330000135973024,,,1,1205330000135972347,115
9011020091500000,65,205330000135973048,,,1,1205330000135972365,102
9011020091500000,58,205330000135973137,,,1,1205330000135972365,408
9011020091500000,65,205330000135973167,,,1,1205330000135972383,101
9011020091500000,58,205330000135973256,,,1,1205330000135972383,407
9011020091500000,65,205330000135973318,,,1,1205330000130430820,108
9011020091500000,25,205330000135973386,,,1,1205330000126269254,224
9011020091500000,66,205330000135973555,,,1,1205330000126269038,226
9011020091500000,57,205330000135972514,,,1,1205330000101529931,130
9011020091500000,67,205330000135972702,,,1,1205330000126269074,409
9011020091500000,62,205330000135972788,,,1,1205330000135972293,316
9011020091500000,64,205330000135973093,,,1,1205330000135972365,212
9011020091500000,54,205330000135973186,,,1,1205330000135972383,121
9011020091500000,68,205330000135973782,,,1,1205330000130430856,325
9011020091500000,62,205330000135973796,,,1,1205330000126269218,321
9011020091500000,62,205330000135973821,,,1,1205330000126269236,322
9011020091500000,59,205330000135973834,,,1,1205330000126269236,504
9011020091500000,25,205330000131714372,,,1,1205330000126269056,221
9011020091500000,69,205330100126269857,,,1,1205330000126269038,228
9011020091500000,52,205330100126270045,,,1,1205330000126269056,205
9011020091500000,70,205330100126270353,,,1,1205330000126269182,305
9011020091500000,70,205330100126270494,,,1,1205330000126269200,306
9011020091500000,25,205330000135972534,,,1,1205330000074433589,217
9011020091500000,62,205330000135972816,,,1,1205330000096801918,320
9011020091500000,58,205330000135972835,,,1,1205330000126268927,418
9011020091500000,45,205330000135972974,,,1,1205330000126269074,401
9011020091500000,32,205330000135973036,,,1,1205330000135972347,116
9011020091500000,54,205330000135973067,,,1,1205330000135972365,122
9011020091500000,64,205330000135973212,,,1,1205330000135972383,211
9011020091500000,32,205330000135973287,,,1,1205330000126269200,106
9011020091500000,25,205330000135973543,,,1,1205330000126269038,223
9011020091500000,70,205330000135973587,,,1,1205330000126269038,310
9011020091500000,30,205330000135973760,,,1,1205330000126269182,502
9011020091500000,69,205330100130432413,,,1,1205330000126269254,227
9011020091500000,71,205330100130432485,,,1,1205330000126269254,323
9011020091500000,72,205330100135972835,,,1,1205330000126268927,512
9011020091500000,72,205330100135973256,,,1,1205330000135972383,505
9011020091500000,45,205330100135973543,,,1,1205330000126269038,421
9011020091500000,25,205330100122306448,,,1,1205330000101529895,203
9011020091500000,71,205330100126269974,,,1,1205330000126269038,324
9011020091500000,73,205330100126270379,,,1,1205330000126269182,209
9011020091500000,66,205330100126270805,,,1,1205330000126269254,225
9011020091500000,61,205330100130432391,,,1,1205330000126269254,423
9011020091500000,72,205330100131715729,,,1,1205330000126269002,511
9011020091500000,64,205330000135972410,,,1,1205330000126268927,214
9011020091500000,65,205330000135972545,,,1,1205330000126269092,120
9011020091500000,67,205330000135972737,,,1,1205330000126269092,410
9011020091500000,62,205330000135972801,,,1,1205330000074433607,319
9011020091500000,32,205330000135972934,,,1,1205330000135972311,113
9011020091500000,30,205330000135972950,,,1,1205330000130430930,103
9011020091500000,74,205330000135972986,,,1,1205330000135972329,326
9011020091500000,65,205330000135973299,,,1,1205330000130430838,107
9011020091500000,70,205330000135973421,,,1,1205330000126269254,309
9011020091500000,45,205330100126270256,,,1,1205330000126269146,415
9011020091500000,73,205330100126270520,,,1,1205330000126269200,210
9011020091500000,25,205330100130431657,,,1,1205330000101529949,204
9011020091500000,45,205330100135972801,,,1,1205330000074433607,413
9011020091500000,75,205330100135973093,,,1,1205330000135972365,314
9011020091500000,72,205330100135973137,,,1,1205330000135972365,506
9011020091500000,60,205330200126270520,,,1,1205330000126269200,312
9011020091500000,45,205330100135972816,,,1,1205330000096801918,414
9011020091500000,75,205330100135973212,,,1,1205330000135972383,313
9011020091500000,45,205330100135973386,,,1,1205330000126269254,422
9011020091500000,45,205330200122306448,,,1,1205330000101529895,403
9011020091500000,76,205330200126270353,,,1,1205330000126269182,405
9011020091500000,60,205330200126270379,,,1,1205330000126269182,311
9011020091500000,76,205330200126270494,,,1,1205330000126269200,406
9011020091500000,45,205330200130431657,,,1,1205330000101529949,404
9011020091500000,30,205330200135973386,,,1,1205330000126269254,514
9011020091500000,72,205330300126270520,,,1,1205330000126269200,510
9011020091500000,63,205330200130432413,,,1,1205330000126269254,411
9011020091500000,30,205330200135973543,,,1,1205330000126269038,513
9011020091500000,72,205330300126270379,,,1,1205330000126269182,509
9011020092500000,77,205330000114161982,,,1,1205330000081149717,409
9011020092500000,78,205330000115460078,,,1,1205330000085501849,305
9011020092500000,79,205330000121991536,,,1,1205330000096476986,406
9011020092500000,80,205330000121991788,,,1,1205330000081149845,515
9011020092500000,79,205330000121992232,,,1,1205330000114161521,401
9011020092500000,80,205330000126368773,,,1,1205330000105284862,511
9011020092500000,81,205330000126371362,,,1,1205330000096476929,322
9011020092500000,32,205330000114162544,,,1,1205330000109572515,107
9011020092500000,82,205330000115460454,,,1,1205330000114161539,408
9011020092500000,83,205330000121991412,,,1,1205330000121990806,203
9011020092500000,30,205330000121992066,,,1,1205330000121990907,513
9011020092500000,84,205330000121992119,,,1,1205330000085501849,303
9011020092500000,85,205330000121992272,,,1,1205330000114161521,411
9011020092500000,86,205330000121992644,,,1,1205330000121990961,206
9011020092500000,87,205330000125765751,,,1,1205330000125765226,214
9011020092500000,79,205330000114161956,,,1,1205330000081149717,403
9011020092500000,79,205330000114161997,,,1,1205330000096476986,404
9011020092500000,85,205330000114162498,,,1,1205330000114161539,412
9011020092500000,17,205330000121991379,,,1,1205330000121990770,310
9011020092500000,17,205330000121992878,,,1,1205330000068590826,323
9011020092500000,86,205330000125765615,,,1,1205330000121990943,205
9011020092500000,87,205330000125765739,,,1,1205330000125765208,213
9011020092500000,88,205330000126368673,,,1,1205330000105284880,505
9011020092500000,81,205330000126371177,,,1,1205330000087213444,321
9011020092500000,89,205330000126371445,,,1,1205330000096476929,318
9011020092500000,80,205330000126368624,,,1,1205330000105284880,509
9011020092500000,88,205330000126368822,,,1,1205330000105284862,506
9011020092500000,90,205330000126368870,,,1,1205330000105284862,508
9011020092500000,91,205330000126370406,,,1,1205330000096476857,110
9011020092500000,92,205330000126370515,,,1,1205330000096476857,116
9011020092500000,90,205330000130614821,,,1,1205330000105284880,507
9011020092500000,77,205330000114162023,,,1,1205330000096476986,410
9011020092500000,93,205330000115460112,,,1,1205330000096476694,308
9011020092500000,82,205330000115460333,,,1,1205330000114161521,407
9011020092500000,88,205330000121991839,,,1,1205330000081149845,517
9011020092500000,84,205330000121992165,,,1,1205330000096476694,304
9011020092500000,80,205330000121992890,,,1,1205330000096476947,516
9011020092500000,88,205330000121992941,,,1,1205330000096476947,519
9011020092500000,91,205330000126370458,,,1,1205330000096476857,112
9011020092500000,93,205330000126371260,,,1,1205330000087213444,315
9011020092500000,17,205330000130614667,,,1,1205330000121990752,309
9011020092500000,45,205330000131825951,,,1,1205330000109572515,415
9011020092500000,91,205330000131826178,,,1,1205330000081149699,111
9011020092500000,92,205330000131826205,,,1,1205330000081149699,113
9011020092500000,17,205330000130614160,,,1,1205330000068590826,325
9011020092500000,30,205330000130614544,,,1,1205330000095351709,524
9011020092500000,78,205330000130615121,,,1,1205330000096476694,306
9011020092500000,30,205330000130615306,,,1,1205330000121991015,514
9011020092500000,32,205330000130615361,,,1,1205330000109572497,108
9011020092500000,91,205330000131826151,,,1,1205330000081149699,109
9011020092500000,80,205330000130614198,,,1,1205330000105284862,503
9011020092500000,30,205330000130614533,,,1,1205330000081639211,522
9011020092500000,80,205330000130614747,,,1,1205330000105284880,501
9011020092500000,92,205330000131826232,,,1,1205330000081149699,115
9011020092500000,17,205330000136170773,,,1,1205330000136170585,311
9011020092500000,17,205330000136170787,,,1,1205330000136170585,313
9011020092500000,94,205330000136171541,,,1,1205330000121990875,102
9011020092500000,83,205330000136171705,,,1,1205330000121990857,204
9011020092500000,25,205330100114162544,,,1,1205330000109572515,209
9011020092500000,89,205330100126371260,,,1,1205330000087213444,317
9011020092500000,79,205330000136170945,,,1,1205330000081149717,405
9011020092500000,93,205330000136171256,,,1,1205330000096476929,316
9011020092500000,25,205330000136171318,,,1,1205330000081639211,211
9011020092500000,95,205330000136171389,,,1,1205330000096476749,104
9011020092500000,92,205330000136171581,,,1,1205330000096476857,114
9011020092500000,80,205330100126368773,,,1,1205330000105284862,512
9011020092500000,94,205330000136171333,,,1,1205330000121990788,101
9011020092500000,96,205330000136171449,,,1,1205330000121990943,327
9011020092500000,95,205330000136171472,,,1,1205330000121990961,106
9011020092500000,45,205330000136171529,,,1,1205330000109572497,416
9011020092500000,25,205330000136171693,,,1,1205330000121990907,207
9011020092500000,83,205330000136171737,,,1,1205330000136170605,202
9011020092500000,83,205330000136171757,,,1,1205330000136170624,201
9011020092500000,96,205330100130615121,,,1,1205330000096476694,328
9011020092500000,93,205330100115460078,,,1,1205330000085501849,307
9011020092500000,88,205330100121992941,,,1,1205330000096476947,520
9011020092500000,80,205330100126368624,,,1,1205330000105284880,510
9011020092500000,25,205330100130615361,,,1,1205330000109572497,210
9011020092500000,17,205330000136170860,,,1,1205330000096477094,324
9011020092500000,17,205330000136170872,,,1,1205330000096477094,326
9011020092500000,79,205330000136170908,,,1,1205330000114161539,402
9011020092500000,25,205330000136171351,,,1,1205330000095351709,212
9011020092500000,95,205330000136171366,,,1,1205330000102980061,103
9011020092500000,95,205330000136171412,,,1,1205330000121990943,105
9011020092500000,25,205330000136171724,,,1,1205330000121991015,208
9011020092500000,45,205330100121991379,,,1,1205330000121990770,414
9011020092500000,88,205330100121991839,,,1,1205330000081149845,518
9011020092500000,95,205330100126370515,,,1,1205330000096476857,118
9011020092500000,84,205330100126371445,,,1,1205330000096476929,320
9011020092500000,45,205330100130614667,,,1,1205330000121990752,413
9011020092500000,80,205330100130614747,,,1,1205330000105284880,502
9011020092500000,95,205330100131826232,,,1,1205330000081149699,117
9011020092500000,84,205330200126371260,,,1,1205330000087213444,319
9011020092500000,80,205330100130614198,,,1,1205330000105284862,504
9011020094100000,97,205330000126374300,,,1,1205330000096480011,302
9011020094100000,98,205330000126374784,,,1,1205330000121993114,802
9011020094100000,99,205330000121032811,,,1,1205330000121032454,845
9011020094100000,100,205330000121994067,,,1,1205330000121993150,854
9011020094100000,101,205330000121994359,,,1,1205330000121993222,806
9011020094100000,46,205330000121995648,,,1,1205330000096479957,208
9011020094100000,46,205330000114164443,,,1,1205330000096479957,205
9011020094100000,102,205330000126371968,,,1,1205330000121993385,842
9011020094100000,101,205330000126372372,,,1,1205330000121032670,864
9011020094100000,45,205330000126374036,,,1,1205330000096479885,425
9011020094100000,103,205330000126374058,,,1,1205330000121032616,832
9011020094100000,100,205330000126373741,,,1,1205330000121032472,848
9011020094100000,45,205330000126374571,,,1,1205330000096479758,410
9011020094100000,104,205330000121994385,,,1,1205330000121993222,808
9011020094100000,30,205330000121995871,,,1,1205330000068583684,507
9011020094100000,105,205330000121996379,,,1,1205330000121993752,836
9011020094100000,106,205330000132237897,,,1,1205330000132236630,822
9011020094100000,45,205330000132241544,,,1,1205330000132236685,419
9011020094100000,100,205330000133097676,,,1,1205330000121993132,853
9011020094100000,102,205330000126371858,,,1,1205330000121993367,841
9011020094100000,45,205330000126375434,,,1,1205330000121993770,427
9011020094100000,100,205330000130615926,,,1,1205330000121032400,878
9011020094100000,104,205330000131827213,,,1,1205330000121993204,807
9011020094100000,106,205330000132237796,,,1,1205330000132236630,824
9011020094100000,106,205330000132237975,,,1,1205330000132236648,821
9011020094100000,106,205330000132237718,,,1,1205330000132236630,820
9011020094100000,106,205330000132237936,,,1,1205330000132236648,819
9011020094100000,100,205330000130615972,,,1,1205330000121032526,877
9011020094100000,99,205330000130616768,,,1,1205330000121032472,846
9011020094100000,103,205330000130617304,,,1,1205330000121032598,831
9011020094100000,45,205330000131557881,,,1,1205330000088480284,423
9011020094100000,101,205330000131827174,,,1,1205330000121993204,805
9011020094100000,106,205330000132238014,,,1,1205330000132236648,823
9011020094100000,104,205330000136172283,,,1,1205330000121993150,856
9011020094100000,107,205330000136172309,,,1,1205330000121993150,858
9011020094100000,98,205330000136172336,,,1,1205330000136171937,849
9011020094100000,105,205330000136172468,,,1,1205330000121993734,835
9011020094100000,108,205330000136172544,,,1,1205330000121993349,838
9011020094100000,102,205330000136172569,,,1,1205330000121993349,840
9011020094100000,108,205330000136172595,,,1,1205330000121993331,837
9011020094100000,102,205330000136172620,,,1,1205330000121993331,839
9011020094100000,109,205330000136172872,,,1,1205330000136171975,862
9011020094100000,104,205330000136172967,,,1,1205330000133097467,826
9011020094100000,110,205330000136173045,,,1,1205330000121032616,880
9011020094100000,101,205330000136173160,,,1,1205330000121032544,863
9011020094100000,111,205330000136173373,,,1,1205330000126371730,867
9011020094100000,110,205330000136173503,,,1,1205330000121032652,884
9011020094100000,45,205330000136173644,,,1,1205330000096480011,402
9011020094100000,97,205330000136173658,,,1,1205330000068583573,301
9011020094100000,46,205330000136173676,,,1,1205330000087214564,207
9011020094100000,46,205330000136173722,,,1,1205330000071688477,203
9011020094100000,46,205330000136173757,,,1,1205330000109572884,201
9011020094100000,32,205330000136173769,,,1,1205330000096479794,102
9011020094100000,112,205330000136173889,,,1,1205330000068583703,305
9011020094100000,46,205330000136174004,,,1,1205330000096480029,204
9011020094100000,98,205330000136174087,,,1,1205330000121993421,812
9011020094100000,98,205330000136174446,,,1,1205330000121993096,801
9011020094100000,45,205330000136174509,,,1,1205330000132236703,417
9011020094100000,104,205330000136172116,,,1,1205330000121993132,855
9011020094100000,107,205330000136172142,,,1,1205330000121993132,857
9011020094100000,98,205330000136172212,,,1,1205330000136171918,850
9011020094100000,113,205330000136172239,,,1,1205330000136171918,852
9011020094100000,103,205330000136172442,,,1,1205330000121993385,844
9011020094100000,111,205330000136172663,,,1,1205330000121993752,860
9011020094100000,106,205330000136172732,,,1,1205330000121032598,833
9011020094100000,106,205330000136172775,,,1,1205330000121032616,834
9011020094100000,103,205330000136172845,,,1,1205330000121993367,843
9011020094100000,103,205330000136173213,,,1,1205330000136171994,874
9011020094100000,102,205330000136173265,,,1,1205330000121993276,871
9011020094100000,104,205330000136173425,,,1,1205330000133097449,825
9011020094100000,30,205330000136173605,,,1,1205330000087030374,502
9011020094100000,97,205330000136173617,,,1,1205330000084555424,313
9011020094100000,45,205330000136173695,,,1,1205330000087214546,409
9011020094100000,45,205330000136173734,,,1,1205330000071688477,405
9011020094100000,46,205330000136173745,,,1,1205330000096479975,202
9011020094100000,112,205330000136173837,,,1,1205330000096479794,312
9011020094100000,112,205330000136173927,,,1,1205330000068583703,309
9011020094100000,112,205330000136173946,,,1,1205330000068583703,311
9011020094100000,110,205330000136173979,,,1,1205330000121032634,883
9011020094100000,98,205330000136174113,,,1,1205330000121993421,814
9011020094100000,98,205330000136174183,,,1,1205330000121993403,811
9011020094100000,98,205330000136174209,,,1,1205330000121993403,813
9011020094100000,104,205330000136174235,,,1,1205330000121993403,815
9011020094100000,114,205330000136174377,,,1,1205330000121993204,809
9011020094100000,109,205330000136174421,,,1,1205330000121993114,804
9011020094100000,109,205330000136174472,,,1,1205330000121993096,803
9011020094100000,115,205330000136174520,,,1,1205330000130615507,513
9011020094100000,30,205330000136174567,,,1,1205330000136172070,505
9011020094100000,97,205330100121995648,,,1,1205330000096479957,304
9011020094100000,113,205330000136172363,,,1,1205330000136171937,851
9011020094100000,109,205330000136172801,,,1,1205330000136171956,861
9011020094100000,101,205330000136172993,,,1,1205330000133097467,828
9011020094100000,101,205330000136173134,,,1,1205330000121993439,875
9011020094100000,111,205330000136173346,,,1,1205330000126371768,868
9011020094100000,103,205330000136173399,,,1,1205330000136172051,873
9011020094100000,101,205330000136173451,,,1,1205330000133097449,827
9011020094100000,116,205330000136173477,,,1,1205330000133097449,829
9011020094100000,117,205330000136173579,,,1,1205330000121993555,407
9011020094100000,112,205330000136173818,,,1,1205330000096479794,310
9011020094100000,45,205330000136173856,,,1,1205330000096479794,414
9011020094100000,45,205330000136174016,,,1,1205330000096480029,406
9011020094100000,104,205330000136174139,,,1,1205330000121993421,816
9011020094100000,114,205330000136174315,,,1,1205330000121993222,810
9011020094100000,118,205330000136174546,,,1,1205330000080092275,509
9011020094100000,119,205330000136174588,,,1,1205330000136172070,511
9011020094100000,45,205330100132241544,,,1,1205330000132236685,421
9011020094100000,100,205330000136172185,,,1,1205330000121032454,847
9011020094100000,111,205330000136172493,,,1,1205330000121993734,859
9011020094100000,110,205330000136172519,,,1,1205330000121993734,881
9011020094100000,110,205330000136172689,,,1,1205330000121993752,882
9011020094100000,110,205330000136172898,,,1,1205330000121032598,879
9011020094100000,109,205330000136172941,,,1,1205330000121032670,866
9011020094100000,116,205330000136173019,,,1,1205330000133097467,830
9011020094100000,101,205330000136173107,,,1,1205330000121993458,876
9011020094100000,109,205330000136173186,,,1,1205330000121032544,865
9011020094100000,102,205330000136173239,,,1,1205330000121993313,872
9011020094100000,103,205330000136173292,,,1,1205330000136172013,870
9011020094100000,103,205330000136173319,,,1,1205330000136172032,869
9011020094100000,97,205330000136173592,,,1,1205330000087030374,314
9011020094100000,30,205330000136173629,,,1,1205330000084555424,501
9011020094100000,112,205330000136173780,,,1,1205330000096479794,306
9011020094100000,112,205330000136173799,,,1,1205330000096479794,308
9011020094100000,30,205330000136173867,,,1,1205330000096479794,504
9011020094100000,32,205330000136173878,,,1,1205330000068583703,101
9011020094100000,112,205330000136173908,,,1,1205330000068583703,307
9011020094100000,45,205330000136173965,,,1,1205330000068583703,413
9011020094100000,45,205330000136174498,,,1,1205330000132236703,415
9011020094100000,30,205330100136173965,,,1,1205330000068583703,503
9011020094100000,45,205330200121995648,,,1,1205330000096479957,412
9011020094100000,104,205330100136174235,,,1,1205330000121993403,817
9011020094100000,45,205330100136173658,,,1,1205330000068583573,401
9011020094100000,104,205330100136174139,,,1,1205330000121993421,818
9011020094100000,45,205330100136173644,,,1,1205330000096480011,404
9011020094100000,97,205330100136173676,,,1,1205330000087214564,303
9011020094100000,45,205330200136173658,,,1,1205330000068583573,403
9011020094100000,45,205330200136173676,,,1,1205330000087214564,411
9011020094600000,17,205330000113948282,,,1,1205330000096803544,302
9011020094600000,17,205330000113948293,,,1,1205330000068478835,301
9011020094600000,17,205330000113948304,,,1,1205330000093236624,303
9011020094600000,17,205330000122306594,,,1,1205330000101531110,304
9011020095000000,120,205330000136352417,,,1,1205330000136352347,5
9011020095000000,120,205330000136352395,,,1,1205330000136352347,1
9011020095000000,120,205330000136352439,,,1,1205330000136352347,3
9011020095000000,120,205330000136352461,,,0,1205330000136352366,2
9011020095000000,120,205330000136352483,,,0,1205330000136352366,4
9011020095700000,32,205330000122306732,,,1,1205330000096804091,102
9011020095700000,32,205330000122306749,,,1,1205330000088790274,101
9011020095700000,17,205330000131716093,,,1,1205330000130434500,301
9011020095700000,17,205330000131716051,,,1,1205330000130434444,303
9011020095700000,17,205330000131716064,,,1,1205330000130434444,302
9011020095700000,121,205330000131716150,,,1,1205330000096804091,502
9011020095700000,122,205330000135974047,,,1,1205330000135973864,503
9011020095700000,25,205330000135974133,,,1,1205330000135973936,203
9011020095700000,123,205330000135974145,,,1,1205330000135973954,106
9011020095700000,25,205330000135974187,,,1,1205330000096804018,204
9011020095700000,124,205330000135974246,,,1,1205330000135974008,104
9011020095700000,123,205330000135974166,,,1,1205330000135973972,105
9011020095700000,124,205330000135974199,,,1,1205330000135973990,103
9011020095700000,121,205330000135974234,,,1,1205330000088790274,501
9011020095700000,25,205330100122306749,,,1,1205330000088790274,201
9011020095700000,122,205330000135974068,,,1,1205330000135973882,504
9011020095700000,122,205330000135974089,,,1,1205330000135973900,505
9011020095700000,122,205330000135974111,,,1,1205330000135973918,506
9011020095700000,25,205330100122306732,,,1,1205330000096804091,202
9011020096100000,45,205330000113949141,,,1,1205330000096804280,406
9011020096100000,125,205330000113949198,,,1,1205330000080855789,405
9011020096100000,25,205330000113949603,,,1,1205330000113949036,205
9011020096100000,45,205330000122306995,,,1,1205330000101531255,401
9011020096100000,126,205330000122307087,,,1,1205330000122306837,303
9011020096100000,127,205330000113949124,,,1,1205330000096804280,404
9011020096100000,45,205330000113949153,,,1,1205330000096804280,409
9011020096100000,25,205330000113949470,,,1,1205330000113949018,204
9011020096100000,25,205330000113949508,,,1,1205330000113949018,208
9011020096100000,25,205330000113949584,,,1,1205330000113949036,203
9011020096100000,45,205330000122306882,,,1,1205330000101531237,402
9011020096100000,126,205330000122307180,,,1,1205330000122306855,304
9011020096100000,80,205330000113949304,,,1,1205330000113948958,505
9011020096100000,25,205330000113949451,,,1,1205330000113949018,202
9011020096100000,50,205330000131716612,,,1,1205330000101531219,412
9011020096100000,50,205330000131716636,,,1,1205330000080855807,410
9011020096100000,25,205330000113949489,,,1,1205330000113949018,206
9011020096100000,25,205330000113949565,,,1,1205330000113949036,201
9011020096100000,25,205330000113949622,,,1,1205330000113949036,207
9011020096100000,126,205330000122307130,,,1,1205330000122306837,307
9011020096100000,128,205330000122307162,,,1,1205330000122306855,306
9011020096100000,129,205330000131716433,,,1,1205330000113948958,501
9011020096100000,130,205330000131716537,,,1,1205330000113948958,509
9011020096100000,131,205330000131716229,,,1,1205330000096804280,408
9011020096100000,129,205330000131716327,,,1,1205330000113948926,502
9011020096100000,49,205330000131716692,,,1,1205330000080855789,403
9011020096100000,45,205330000135974483,,,1,1205330000101531219,420
9011020096100000,32,205330000135974667,,,1,1205330000126271455,101
9011020096100000,17,205330000135974679,,,1,1205330000102712636,301
9011020096100000,45,205330000135974619,,,1,1205330000080855807,418
9011020096100000,32,205330000135974655,,,1,1205330000105941611,102
9011020096100000,80,205330000131716302,,,1,1205330000113948926,504
9011020096100000,130,205330000131716352,,,1,1205330000113948926,508
9011020096100000,130,205330000131716383,,,1,1205330000113948926,510
9011020096100000,130,205330000131716483,,,1,1205330000113948958,507
9011020096100000,17,205330000131716767,,,1,1205330000102712618,302
9011020096100000,131,205330100113949198,,,1,1205330000080855789,407
9011020096100000,50,205330000135974463,,,1,1205330000101531219,416
9011020096100000,80,205330100131716433,,,1,1205330000113948958,503
9011020096100000,128,205330100122307087,,,1,1205330000122306837,305
9011020096100000,50,205330000135974599,,,1,1205330000080855807,414
9011020096100000,126,205330100122307162,,,1,1205330000122306855,308
9011020096100000,80,205330100131716327,,,1,1205330000113948926,506
9011020096800000,30,205330000126272362,,,1,1205330000126272004,505
9011020096800000,17,205330000122307696,,,1,1205330000122307300,307
9011020096800000,17,205330000122307707,,,1,1205330000122307318,306
9011020096800000,132,205330000135974983,,,1,1205330000135974693,225
9011020096800000,133,205330000135975089,,,1,1205330000131265346,304
9011020096800000,30,205330000135975134,,,1,1205330000135974817,507
9011020096800000,30,205330000135975169,,,1,1205330000122307411,504
9011020096800000,45,205330000135975212,,,1,1205330000130435467,407
9011020096800000,132,205330000135975257,,,1,1205330000080857755,222
9011020096800000,132,205330000135975281,,,1,1205330000074439266,223
9011020096800000,45,205330000135975365,,,1,1205330000122307300,403
9011020096800000,134,205330000135975470,,,1,1205330000096806047,209
9011020096800000,135,205330000135975614,,,1,1205330000122307576,215
9011020096800000,135,205330000135975686,,,1,1205330000135974932,217
9011020096800000,132,205330000135975007,,,1,1205330000135974711,226
9011020096800000,136,205330000135975051,,,1,1205330000131265328,302
9011020096800000,30,205330000135975146,,,1,1205330000135974835,506
9011020096800000,30,205330000135975179,,,1,1205330000122307393,501
9011020096800000,45,205330000135975200,,,1,1205330000130435621,408
9011020096800000,132,205330000135975234,,,1,1205330000080857755,220
9011020096800000,137,205330000135975447,,,1,1205330000122307594,208
9011020096800000,137,205330000135975494,,,1,1205330000122307539,205
9011020096800000,137,205330000135975518,,,1,1205330000122307539,207
9011020096800000,135,205330000135975638,,,1,1205330000122307466,214
9011020096800000,132,205330000135974959,,,1,1205330000096806264,224
9011020096800000,136,205330000135975031,,,1,1205330000130435431,301
9011020096800000,45,205330000135975112,,,1,1205330000130435503,405
9011020096800000,30,205330000135975159,,,1,1205330000122307411,502
9011020096800000,30,205330000135975189,,,1,1205330000122307393,503
9011020096800000,25,205330000135975329,,,1,1205330000130435399,201
9011020096800000,25,205330000135975340,,,1,1205330000122307300,203
9011020096800000,17,205330000135975351,,,1,1205330000122307300,305
9011020096800000,134,205330000135975542,,,1,1205330000102713193,211
9011020096800000,134,205330000135975566,,,1,1205330000102713211,212
9011020096800000,135,205330000135975590,,,1,1205330000122307576,213
9011020096800000,135,205330000135975662,,,1,1205330000122307466,216
9011020096800000,134,205330000135975709,,,1,1205330000080857663,210
9011020096800000,133,205330000135975070,,,1,1205330000130435793,303
9011020096800000,45,205330000135975123,,,1,1205330000135974799,402
9011020096800000,45,205330000135975223,,,1,1205330000135974882,401
9011020096800000,135,205330000135975305,,,1,1205330000135974900,218
9011020096800000,132,205330000135975375,,,1,1205330000096806318,219
9011020096800000,132,205330000135975399,,,1,1205330000096806318,221
9011020096800000,137,205330000135975423,,,1,1205330000122307594,206
9011020097000000,138,205330000126273281,,,1,1205330000104728698,204
9011020097000000,139,205330000135975850,,,1,1205330000126273023,306
9011020097000000,139,205330000135975920,,,1,1205330000135975729,305
9011020097000000,140,205330000135975995,,,1,1205330000104728698,402
9011020097000000,138,205330000135976044,,,1,1205330000104728716,203
9011020097000000,139,205330000135975838,,,1,1205330000126273023,304
9011020097000000,45,205330000135975863,,,1,1205330000126273023,404
9011020097000000,45,205330000135975874,,,1,1205330000126273023,406
9011020097000000,141,205330000135976117,,,1,1205330000135975765,201
9011020097000000,25,205330000135975826,,,1,1205330000126273023,210
9011020097000000,25,205330000135975885,,,1,1205330000135975729,207
9011020097000000,25,205330000135975896,,,1,1205330000135975729,209
9011020097000000,139,205330000135975908,,,1,1205330000135975729,303
9011020097000000,45,205330000135975944,,,1,1205330000135975729,405
9011020097000000,141,205330000135976020,,,1,1205330000135975747,202
9011020097000000,139,205330000135975791,,,1,1205330000104728626,302
9011020097000000,139,205330000135975802,,,1,1205330000069664890,301
9011020097000000,25,205330000135975814,,,1,1205330000126273023,208
9011020097000000,45,205330000135975933,,,1,1205330000135975729,403
9011020097000000,138,205330000135975971,,,1,1205330000104728698,206
9011020097000000,138,205330000135976068,,,1,1205330000104728716,205
9011020097000000,140,205330000135976092,,,1,1205330000104728716,401
9011020097200000,17,205330000135976212,,,1,1205330000135976155,302
9011020097200000,45,205330000135976224,,,1,1205330000135976173,401
9011020097200000,17,205330000135976200,,,1,1205330000135976137,301
9011020097200000,30,205330000135976237,,,1,1205330000102323479,501
9011020097300000,17,205330000126273563,,,1,1205330000096807712,301
9011020097400000,25,205330000113951710,,,1,1205330000093234889,205
9011020097400000,142,205330000122308597,,,1,1205330000091365242,309
9011020097400000,142,205330000122308698,,,1,1205330000096807804,308
9011020097400000,142,205330000122308585,,,1,1205330000091365242,307
9011020097400000,142,205330000122308710,,,1,1205330000096807804,310
9011020097400000,45,205330000131718925,,,1,1205330000093234907,401
9011020097400000,45,205330000131718984,,,1,1205330000130437461,403
9011020097400000,142,205330000135976337,,,1,1205330000135976272,301
9011020097400000,25,205330000135976388,,,1,1205330000093234907,201
9011020097400000,142,205330000135976300,,,1,1205330000130437478,306
9011020097400000,142,205330000135976418,,,1,1205330000096807750,304
9011020097400000,25,205330000131718947,,,1,1205330000130437461,203
9011020097400000,142,205330000135976313,,,1,1205330000135976253,302
9011020097400000,45,205330000135976326,,,1,1205330000135976253,404
9011020097400000,25,205330000135976407,,,1,1205330000096807750,202
9011020097400000,142,205330100131718947,,,1,1205330000130437461,305
9011020097400000,25,205330000135976349,,,1,1205330000096807786,206
9011020097400000,25,205330000135976363,,,1,1205330000130437478,204
9011020097400000,45,205330000135976430,,,1,1205330000096807750,406
9011020904600000,2,205330000128325098,,,1,1205330000128324594,2
9011020904600000,2,205330000128325242,,,1,1205330000128324697,4
9011020904600000,1,205330000128325382,,,1,1205330000128324801,50
9011020904600000,1,205330000128325523,,,1,1205330000128324594,52
9011020904600000,2,205330000128974426,,,1,1205330000128974059,6
9011020904600000,3,205330100128325098,,,1,1205330000128324594,70
9011020904600000,3,205330100128325523,,,1,1205330000128324594,72
9011020904600000,1,205330000128325798,,,0,1205330000128324904,51
9011020904600000,1,205330000128325663,,,0,1205330000128324904,55
9011020904600000,2,205330000128974513,,,0,1205330000128974149,1
9011020904600000,2,205330000128974610,,,0,1205330000128974238,3
9011020904600000,3,205330000128326071,,,0,1205330000128324904,73
9011020904600000,2,205330000128325932,,,0,1205330000128324904,5
9011020904600000,3,205330100128325798,,,0,1205330000128324904,71
